Timestamp,Spd_40m,Dir_40m,Spd_50m,Dir_50m
2012-10-23 13:10:00,3.37,122.5,3.21,120.9
2012-10-23 13:20:00,3.83,127.3,3.76,128.8
2012-10-23 13:30:00,4.26,125.5,4.14,126.2
2012-10-23 13:40:00,3.16,125.2,2.98,127.3
2012-10-23 13:50:00,3.55,124.5,3.4,127.3
2012-10-23 14:00:00,3.5700000000000003,120.6,3.42,121.6
2012-10-23 14:10:00,3.82,118.5,3.59,122.0
2012-10-23 14:20:00,4.2,121.6,3.86,123.8
2012-10-23 14:30:00,2.69,107.4,2.43,111.2
2012-10-23 14:40:00,2.01,95.1,2.02,95.2
2012-10-23 14:50:00,1.41,75.4,1.41,76.0
2012-10-23 15:00:00,2.6,69.6,2.65,70.2
2012-10-23 15:10:00,3.03,60.4,3.05,61.4
2012-10-23 15:20:00,3.0,74.7,3.21,75.3
2012-10-23 15:30:00,2.61,72.7,2.69,73.9
2012-10-23 15:40:00,3.22,81.7,3.27,82.2
2012-10-23 15:50:00,2.52,79.5,2.66,80.1
2012-10-23 16:00:00,2.56,81.5,2.63,81.9
2012-10-23 16:10:00,2.34,73.8,2.45,74.9
2012-10-23 16:20:00,2.61,68.4,2.71,69.4
2012-10-23 16:30:00,3.2,75.8,3.3,77.0
2012-10-23 16:40:00,3.48,82.5,3.42,83.1
2012-10-23 16:50:00,2.81,90.7,2.48,93.9
2012-10-23 17:00:00,2.31,91.6,2.2,92.3
2012-10-23 17:10:00,2.2,106.0,2.12,109.6
2012-10-23 17:20:00,2.22,99.5,2.03,102.5
2012-10-23 17:30:00,3.43,83.9,3.52,83.9
2012-10-23 17:40:00,4.34,81.9,4.57,81.6
2012-10-23 17:50:00,3.62,82.5,3.77,81.9
2012-10-23 18:00:00,3.52,81.3,3.64,80.9
2012-10-23 18:10:00,3.36,80.3,3.44,80.0
2012-10-23 18:20:00,3.14,80.0,3.32,79.3
2012-10-23 18:30:00,4.23,84.7,4.26,83.4
2012-10-23 18:40:00,3.89,86.1,3.83,86.0
2012-10-23 18:50:00,3.87,83.1,4.02,82.1
2012-10-23 19:00:00,2.88,71.7,3.08,71.8
2012-10-23 19:10:00,2.48,67.7,2.56,69.4
2012-10-23 19:20:00,2.86,75.7,3.06,76.5
2012-10-23 19:30:00,3.71,78.7,3.99,78.3
2012-10-23 19:40:00,3.75,77.9,4.01,78.0
2012-10-23 19:50:00,3.29,78.7,3.4,79.3
2012-10-23 20:00:00,3.98,85.8,3.98,85.7
2012-10-23 20:10:00,3.09,74.8,3.25,74.7
2012-10-23 20:20:00,3.38,64.7,3.48,66.0
2012-10-23 20:30:00,4.14,72.1,4.32,72.5
2012-10-23 20:40:00,4.19,72.0,4.36,73.2
2012-10-23 20:50:00,3.83,69.1,4.06,69.8
2012-10-23 21:00:00,3.52,73.7,3.74,73.4
2012-10-23 21:10:00,2.62,82.9,2.64,83.2
2012-10-23 21:20:00,2.9,79.4,2.91,78.7
2012-10-23 21:30:00,3.77,74.3,3.95,74.3
2012-10-23 21:40:00,4.16,73.3,4.28,73.7
2012-10-23 21:50:00,3.67,68.6,3.8,69.2
2012-10-23 22:00:00,3.9,70.5,3.97,71.4
2012-10-23 22:10:00,3.85,69.4,3.98,70.3
2012-10-23 22:20:00,3.73,76.7,3.91,76.6
2012-10-23 22:30:00,2.62,71.0,2.77,72.1
2012-10-23 22:40:00,2.03,74.5,2.07,75.8
2012-10-23 22:50:00,2.37,78.8,2.43,81.0
2012-10-23 23:00:00,2.28,83.3,2.08,84.5
2012-10-23 23:10:00,2.17,88.6,2.16,90.2
2012-10-23 23:20:00,1.93,85.2,1.85,83.8
2012-10-23 23:30:00,1.91,80.2,1.89,80.8
2012-10-23 23:40:00,1.98,90.1,1.74,89.9
2012-10-23 23:50:00,2.1,67.6,2.2,71.7
2012-10-24 00:00:00,2.32,63.9,2.41,67.1
2012-10-24 00:10:00,2.49,46.1,2.52,49.2
2012-10-24 00:20:00,2.45,52.4,2.56,53.4
2012-10-24 00:30:00,2.87,58.0,2.96,59.3
2012-10-24 00:40:00,2.71,62.5,2.8,63.5
2012-10-24 00:50:00,2.73,80.0,2.78,78.3
2012-10-24 01:00:00,2.38,68.0,2.44,67.4
2012-10-24 01:10:00,2.54,61.2,2.62,62.2
2012-10-24 01:20:00,2.4,73.6,2.53,76.2
2012-10-24 01:30:00,2.71,72.5,2.77,75.9
2012-10-24 01:40:00,2.69,59.1,2.66,61.5
2012-10-24 01:50:00,2.84,58.7,3.01,60.7
2012-10-24 02:00:00,2.66,55.8,2.8200000000000003,55.8
2012-10-24 02:10:00,2.72,51.8,2.91,53.4
2012-10-24 02:20:00,2.5700000000000003,57.3,2.68,58.2
2012-10-24 02:30:00,3.21,64.7,3.32,64.7
2012-10-24 02:40:00,3.0,64.9,3.15,65.6
2012-10-24 02:50:00,3.0,59.7,3.17,59.5
2012-10-24 03:00:00,2.77,55.1,2.93,54.9
2012-10-24 03:10:00,2.6,55.3,2.75,55.7
2012-10-24 03:20:00,2.28,70.3,2.41,70.0
2012-10-24 03:30:00,2.39,77.3,2.55,76.5
2012-10-24 03:40:00,2.34,61.0,2.47,62.7
2012-10-24 03:50:00,3.2,56.3,3.3,56.7
2012-10-24 04:00:00,3.15,53.4,3.34,53.2
2012-10-24 04:10:00,2.32,35.3,2.48,38.7
2012-10-24 04:20:00,2.33,29.8,2.41,33.2
2012-10-24 04:30:00,2.46,33.6,2.6,35.0
2012-10-24 04:40:00,2.6,33.1,2.69,36.2
2012-10-24 04:50:00,3.05,31.1,3.13,34.2
2012-10-24 05:00:00,2.98,30.9,3.0,32.8
2012-10-24 05:10:00,2.74,45.8,2.84,47.2
2012-10-24 05:20:00,2.78,45.0,2.9,45.9
2012-10-24 05:30:00,2.48,42.5,2.54,45.5
2012-10-24 05:40:00,2.23,36.7,2.38,38.6
2012-10-24 05:50:00,2.16,40.7,2.3,43.4
2012-10-24 06:00:00,1.94,55.2,2.06,57.5
2012-10-24 06:10:00,2.11,64.7,2.23,66.0
2012-10-24 06:20:00,1.6800000000000002,76.7,1.85,73.9
2012-10-24 06:30:00,1.96,67.4,2.22,65.9
2012-10-24 06:40:00,1.7000000000000002,43.3,1.9,44.8
2012-10-24 06:50:00,1.8,23.0,1.89,26.0
2012-10-24 07:00:00,2.45,22.8,2.56,24.3
2012-10-24 07:10:00,2.54,18.6,2.7,19.4
2012-10-24 07:20:00,2.41,35.6,2.56,36.4
2012-10-24 07:30:00,2.78,33.8,2.9,34.0
2012-10-24 07:40:00,2.63,21.8,2.76,22.5
2012-10-24 07:50:00,2.52,27.9,2.68,29.8
2012-10-24 08:00:00,2.21,30.3,2.29,30.4
2012-10-24 08:10:00,2.02,36.3,2.12,38.6
2012-10-24 08:20:00,2.01,39.8,2.05,40.7
2012-10-24 08:30:00,1.33,38.7,1.34,42.3
2012-10-24 08:40:00,1.71,26.1,1.76,27.2
2012-10-24 08:50:00,2.01,24.6,2.02,24.0
2012-10-24 09:00:00,2.3,28.2,2.34,28.0
2012-10-24 09:10:00,2.0,29.9,2.02,30.7
2012-10-24 09:20:00,1.77,29.8,1.75,31.3
2012-10-24 09:30:00,1.08,48.2,1.12,50.7
2012-10-24 09:40:00,1.18,29.5,1.27,37.8
2012-10-24 09:50:00,0.76,45.0,0.81,46.6
2012-10-24 10:00:00,1.01,359.2,1.14,352.6
2012-10-24 10:10:00,1.13,358.4,1.17,358.0
2012-10-24 10:20:00,1.58,358.9,1.66,359.6
2012-10-24 10:30:00,2.22,353.8,2.18,354.8
2012-10-24 10:40:00,2.26,344.2,2.27,345.4
2012-10-24 10:50:00,2.43,345.2,2.41,344.2
2012-10-24 11:00:00,2.47,350.1,2.48,351.1
2012-10-24 11:10:00,2.38,342.0,2.43,342.7
2012-10-24 11:20:00,2.31,346.4,2.32,346.3
2012-10-24 11:30:00,2.45,345.1,2.43,343.5
2012-10-24 11:40:00,2.29,342.7,2.31,342.5
2012-10-24 11:50:00,2.31,342.3,2.36,342.9
2012-10-24 12:00:00,2.09,358.8,2.06,356.8
2012-10-24 12:10:00,2.38,348.0,2.4,347.4
2012-10-24 12:20:00,2.38,343.9,2.41,343.0
2012-10-24 12:30:00,2.33,354.9,2.26,353.8
2012-10-24 12:40:00,2.38,355.8,2.15,355.1
2012-10-24 12:50:00,2.35,352.9,2.27,351.6
2012-10-24 13:00:00,2.03,7.0,1.96,9.0
2012-10-24 13:10:00,1.58,358.2,1.52,359.1
2012-10-24 13:20:00,1.48,20.9,1.44,21.7
2012-10-24 13:30:00,1.3,1.3,1.24,359.3
2012-10-24 13:40:00,1.23,315.9,1.25,318.0
2012-10-24 13:50:00,2.04,308.9,2.05,307.6
2012-10-24 14:00:00,1.89,314.7,1.91,314.2
2012-10-24 14:10:00,2.78,313.0,2.88,313.2
2012-10-24 14:20:00,3.46,312.0,3.52,313.5
2012-10-24 14:30:00,4.47,319.5,4.48,320.7
2012-10-24 14:40:00,4.22,321.1,4.28,321.8
2012-10-24 14:50:00,4.09,321.9,4.2,323.3
2012-10-24 15:00:00,3.16,328.7,3.21,329.5
2012-10-24 15:10:00,2.91,338.3,2.99,338.3
2012-10-24 15:20:00,2.66,335.4,2.83,335.4
2012-10-24 15:30:00,2.95,340.1,3.02,339.9
2012-10-24 15:40:00,4.01,346.7,4.05,346.8
2012-10-24 15:50:00,4.77,349.0,4.72,349.1
2012-10-24 16:00:00,3.78,353.3,3.65,358.6
2012-10-24 16:10:00,2.72,350.7,3.08,351.8
2012-10-24 16:20:00,4.24,349.3,,
2012-10-24 16:30:00,4.16,349.4,,
2012-10-24 16:40:00,2.79,341.5,,
2012-10-24 16:50:00,1.92,179.9,,
2012-10-24 17:00:00,2.22,351.0,2.93,352.0
2012-10-24 17:10:00,3.13,347.1,,
2012-10-24 17:20:00,0.75,183.9,,
2012-10-24 17:30:00,2.27,341.2,2.52,339.2
2012-10-24 17:40:00,,,,
2012-10-24 17:50:00,,,,
2012-10-24 18:00:00,19.13,348.9,,
2012-10-24 18:10:00,,,,
2012-10-24 18:20:00,,,,
2012-10-24 18:30:00,,,,
2012-10-24 18:40:00,,,,
2012-10-24 18:50:00,,,,
2012-10-24 19:00:00,,,,
2012-10-24 19:10:00,,,,
2012-10-24 19:20:00,,,20.31,350.1
2012-10-24 19:30:00,,,,
2012-10-24 19:40:00,8.99,350.4,8.2,351.4
2012-10-24 19:50:00,,,,
2012-10-24 20:00:00,,,,
2012-10-24 20:10:00,5.78,356.4,,
2012-10-24 20:20:00,1.28,6.7,1.32,28.6
2012-10-24 20:30:00,4.08,2.3,2.58,12.4
2012-10-24 20:40:00,,,,
2012-10-24 20:50:00,,,,
2012-10-24 21:00:00,,,,
2012-10-24 21:10:00,0.36,319.9,,
2012-10-24 21:20:00,0.27,260.6,,
2012-10-24 21:30:00,,,,
2012-10-24 21:40:00,,,,
2012-10-24 21:50:00,1.51,270.0,1.32,304.5
2012-10-24 22:00:00,1.08,273.4,1.44,276.8
2012-10-24 22:10:00,12.93,343.8,,
2012-10-24 22:20:00,3.84,322.7,,
2012-10-24 22:30:00,5.72,331.4,,
2012-10-24 22:40:00,,,18.46,341.0
2012-10-24 22:50:00,3.23,300.3,,
2012-10-24 23:00:00,,,,
2012-10-24 23:10:00,,,,
2012-10-24 23:20:00,,,,
2012-10-24 23:30:00,3.5700000000000003,284.2,3.38,290.0
2012-10-24 23:40:00,3.79,286.9,3.58,287.7
2012-10-24 23:50:00,4.46,281.7,4.86,288.5
2012-10-25 00:00:00,4.49,297.6,,
2012-10-25 00:10:00,4.41,284.7,4.1,289.9
2012-10-25 00:20:00,4.28,276.4,4.39,278.3
2012-10-25 00:30:00,4.17,254.5,4.03,265.0
2012-10-25 00:40:00,3.73,249.2,3.69,267.6
2012-10-25 00:50:00,4.42,264.9,,
2012-10-25 01:00:00,4.48,279.9,7.05,316.7
2012-10-25 01:10:00,3.96,261.9,4.37,266.8
2012-10-25 01:20:00,4.79,247.0,5.09,247.2
2012-10-25 01:30:00,4.52,244.0,4.7,245.2
2012-10-25 01:40:00,5.24,243.7,5.5,244.7
2012-10-25 01:50:00,5.3,245.6,5.55,246.7
2012-10-25 02:00:00,5.24,246.2,5.5600000000000005,247.2
2012-10-25 02:10:00,5.07,240.7,5.23,241.8
2012-10-25 02:20:00,5.22,241.6,5.45,242.5
2012-10-25 02:30:00,4.88,250.4,5.23,251.2
2012-10-25 02:40:00,4.07,250.7,4.41,251.7
2012-10-25 02:50:00,5.06,245.2,5.45,245.9
2012-10-25 03:00:00,5.26,244.2,5.59,245.4
2012-10-25 03:10:00,5.17,259.6,5.47,260.7
2012-10-25 03:20:00,4.33,280.8,4.45,281.8
2012-10-25 03:30:00,3.63,317.8,3.81,318.9
2012-10-25 03:40:00,4.47,316.6,4.5600000000000005,316.6
2012-10-25 03:50:00,5.03,313.7,5.13,313.4
2012-10-25 04:00:00,4.55,316.2,4.76,316.6
2012-10-25 04:10:00,5.61,314.8,5.8,314.4
2012-10-25 04:20:00,6.49,313.3,6.6,313.8
2012-10-25 04:30:00,5.47,311.3,5.42,313.8
2012-10-25 04:40:00,5.78,283.4,5.96,282.1
2012-10-25 04:50:00,6.79,277.8,7.29,277.2
2012-10-25 05:00:00,6.86,272.3,7.36,272.7
2012-10-25 05:10:00,6.71,282.3,7.06,280.7
2012-10-25 05:20:00,6.12,290.1,5.87,290.7
2012-10-25 05:30:00,6.95,282.5,7.22,280.9
2012-10-25 05:40:00,7.22,282.7,7.67,280.4
2012-10-25 05:50:00,7.69,281.2,8.28,280.0
2012-10-25 06:00:00,8.13,279.3,8.59,279.1
2012-10-25 06:10:00,8.23,278.7,8.77,278.0
2012-10-25 06:20:00,8.16,277.9,8.65,277.7
2012-10-25 06:30:00,9.08,277.0,9.64,277.1
2012-10-25 06:40:00,8.73,274.9,9.22,275.3
2012-10-25 06:50:00,8.87,276.6,9.38,276.6
2012-10-25 07:00:00,9.21,273.5,9.6,273.2
2012-10-25 07:10:00,9.46,271.1,9.82,271.2
2012-10-25 07:20:00,9.65,265.0,10.03,265.5
2012-10-25 07:30:00,9.55,268.5,9.98,268.9
2012-10-25 07:40:00,9.56,277.2,10.09,277.1
2012-10-25 07:50:00,10.57,277.8,11.18,277.6
2012-10-25 08:00:00,10.25,278.7,10.72,278.6
2012-10-25 08:10:00,10.09,294.0,10.06,295.6
2012-10-25 08:20:00,10.95,290.5,11.09,290.7
2012-10-25 08:30:00,10.08,286.6,10.17,285.6
2012-10-25 08:40:00,10.2,296.6,10.38,294.5
2012-10-25 08:50:00,7.01,329.1,7.03,327.6
2012-10-25 09:00:00,6.75,319.0,6.99,318.2
2012-10-25 09:10:00,7.25,321.8,7.34,321.8
2012-10-25 09:20:00,5.89,326.3,6.02,325.9
2012-10-25 09:30:00,5.39,319.5,5.57,320.2
2012-10-25 09:40:00,7.16,311.2,7.2,311.9
2012-10-25 09:50:00,9.37,315.9,9.4,315.6
2012-10-25 10:00:00,8.67,317.7,8.87,316.6
2012-10-25 10:10:00,9.19,314.2,9.35,314.1
2012-10-25 10:20:00,8.69,318.3,8.9,318.3
2012-10-25 10:30:00,9.29,315.2,9.38,314.6
2012-10-25 10:40:00,10.89,311.1,11.03,311.3
2012-10-25 10:50:00,12.03,313.8,12.08,313.1
2012-10-25 11:00:00,8.81,316.5,8.92,315.7
2012-10-25 11:10:00,9.94,309.9,10.09,310.8
2012-10-25 11:20:00,10.31,309.1,10.47,309.8
2012-10-25 11:30:00,10.65,314.5,10.9,314.0
2012-10-25 11:40:00,10.17,309.5,10.15,310.1
2012-10-25 11:50:00,9.82,306.9,9.74,308.1
2012-10-25 12:00:00,9.88,308.0,9.96,308.8
2012-10-25 12:10:00,10.46,321.1,10.57,321.1
2012-10-25 12:20:00,8.38,324.3,8.56,324.2
2012-10-25 12:30:00,10.01,313.1,10.3,313.0
2012-10-25 12:40:00,11.06,310.2,11.15,310.0
2012-10-25 12:50:00,10.02,310.6,10.05,311.4
2012-10-25 13:00:00,9.49,305.4,9.37,306.6
2012-10-25 13:10:00,11.09,305.4,11.06,306.3
2012-10-25 13:20:00,10.71,306.2,10.75,307.0
2012-10-25 13:30:00,10.3,307.9,10.34,308.9
2012-10-25 13:40:00,10.37,311.5,10.51,312.1
2012-10-25 13:50:00,10.53,310.3,10.65,310.3
2012-10-25 14:00:00,13.66,313.7,13.73,312.6
2012-10-25 14:10:00,10.3,323.1,10.4,322.8
2012-10-25 14:20:00,8.61,314.9,8.9,314.0
2012-10-25 14:30:00,9.11,314.3,9.35,313.9
2012-10-25 14:40:00,9.01,323.3,9.47,325.0
2012-10-25 14:50:00,12.56,322.6,14.3,325.3
2012-10-25 15:00:00,12.92,323.3,13.64,323.7
2012-10-25 15:10:00,11.21,312.4,11.58,312.6
2012-10-25 15:20:00,10.2,312.3,10.59,312.9
2012-10-25 15:30:00,9.81,320.9,10.11,322.3
2012-10-25 15:40:00,7.64,323.0,8.14,320.8
2012-10-25 15:50:00,8.58,324.6,9.17,334.4
2012-10-25 16:00:00,7.07,319.5,8.14,325.6
2012-10-25 16:10:00,6.98,321.5,7.52,325.5
2012-10-25 16:20:00,8.91,325.4,9.07,325.7
2012-10-25 16:30:00,9.43,327.4,10.37,326.8
2012-10-25 16:40:00,8.86,317.0,9.07,315.3
2012-10-25 16:50:00,8.45,308.0,9.13,312.4
2012-10-25 17:00:00,8.78,309.1,9.01,310.3
2012-10-25 17:10:00,7.7,318.9,8.15,319.8
2012-10-25 17:20:00,7.33,322.1,7.59,321.9
2012-10-25 17:30:00,7.58,324.4,7.82,324.7
2012-10-25 17:40:00,8.29,327.8,8.75,327.5
2012-10-25 17:50:00,7.11,320.0,7.58,323.0
2012-10-25 18:00:00,6.6,324.6,6.83,324.6
2012-10-25 18:10:00,5.71,322.4,6.05,322.4
2012-10-25 18:20:00,6.1,321.5,6.41,320.3
2012-10-25 18:30:00,7.48,301.7,,
2012-10-25 18:40:00,8.75,311.3,11.03,312.8
2012-10-25 18:50:00,8.02,332.7,11.08,314.0
2012-10-25 19:00:00,14.86,337.4,,
2012-10-25 19:10:00,7.51,323.6,7.46,324.4
2012-10-25 19:20:00,8.7,331.0,7.2,321.0
2012-10-25 19:30:00,,,,
2012-10-25 19:50:00,6.47,338.8,6.58,335.7
2012-10-25 20:00:00,6.73,333.4,6.87,333.6
2012-10-25 20:10:00,9.71,329.8,10.19,329.7
2012-10-25 20:20:00,10.48,331.6,10.97,331.3
2012-10-25 20:30:00,8.89,339.4,9.17,338.8
2012-10-25 20:40:00,7.92,335.1,8.17,335.0
2012-10-25 20:50:00,11.82,344.7,12.12,344.3
2012-10-25 21:00:00,10.97,349.3,11.29,348.1
2012-10-25 21:10:00,7.8,343.3,8.16,342.5
2012-10-25 21:20:00,9.58,340.6,9.76,339.6
2012-10-25 21:30:00,13.43,342.2,13.81,342.0
2012-10-25 21:40:00,5.6,339.7,5.76,339.0
2012-10-25 21:50:00,5.5,343.7,5.6,342.6
2012-10-25 22:00:00,5.61,342.9,5.82,341.5
2012-10-25 22:10:00,7.98,343.7,8.16,343.0
2012-10-25 22:20:00,9.35,347.5,9.43,346.7
2012-10-25 22:30:00,11.02,347.7,11.2,347.9
2012-10-25 22:40:00,8.33,354.3,8.1,356.5
2012-10-25 22:50:00,6.7,358.8,6.27,358.5
2012-10-25 23:00:00,7.59,1.0,7.36,1.7000000000000002
2012-10-25 23:10:00,7.5,1.9,7.4,2.6
2012-10-25 23:20:00,6.73,2.1,6.4,4.9
2012-10-25 23:30:00,7.14,358.7,6.92,0.2
2012-10-25 23:40:00,6.24,0.1,5.88,1.4
2012-10-25 23:50:00,6.61,354.7,6.3,355.2
2012-11-14 19:00:00,2.2,136.7,2.09,145.0
2012-11-14 19:10:00,2.23,137.9,2.07,145.8
2012-11-14 19:20:00,2.23,140.8,2.13,148.9
2012-11-14 19:30:00,1.63,144.6,1.53,153.4
2012-11-14 19:40:00,1.97,137.1,1.82,144.7
2012-11-14 19:50:00,2.02,140.1,1.88,150.1
2012-11-14 20:00:00,2.59,135.2,2.37,141.4
2012-11-14 20:10:00,2.92,131.7,2.64,135.7
2012-11-14 20:20:00,2.65,139.3,2.48,145.3
2012-11-14 20:30:00,3.01,138.3,2.88,142.8
2012-11-14 20:40:00,2.16,141.1,2.01,148.8
2012-11-14 20:50:00,2.19,142.1,2.02,148.4
2012-11-14 21:00:00,2.08,148.2,2.11,154.8
2012-11-14 21:10:00,2.58,146.5,2.72,149.9
2012-11-14 21:20:00,2.86,151.4,3.02,154.5
2012-11-14 21:30:00,3.13,153.2,3.27,155.2
2012-11-14 21:40:00,2.65,157.6,2.91,159.5
2012-11-14 21:50:00,3.33,160.5,3.79,162.0
2012-11-14 22:00:00,3.31,161.4,3.67,162.7
2012-11-14 22:10:00,3.51,161.3,3.8,163.7
2012-11-14 22:20:00,3.34,161.2,3.68,162.3
2012-11-14 22:30:00,3.48,159.1,3.85,160.1
2012-11-14 22:40:00,4.11,159.2,4.4,160.1
2012-11-14 22:50:00,3.9,158.3,4.13,159.6
2012-11-14 23:00:00,2.92,161.3,3.19,162.0
2012-11-14 23:10:00,2.87,161.3,3.18,161.2
2012-11-14 23:20:00,3.5,160.7,3.8,162.3
2012-11-14 23:30:00,3.39,163.7,3.6,165.8
2012-11-14 23:40:00,2.66,159.7,2.93,161.7
2012-11-14 23:50:00,2.68,158.0,2.89,159.9
2012-11-15 00:00:00,2.45,158.5,2.61,161.2
2012-11-15 00:10:00,2.14,156.4,2.29,161.7
2012-11-15 00:20:00,2.07,157.8,2.16,162.5
2012-11-15 00:30:00,2.46,158.4,2.52,163.0
2012-11-15 00:40:00,2.58,164.2,2.69,168.0
2012-11-15 00:50:00,2.62,166.2,2.72,170.2
2012-11-15 01:00:00,3.03,165.1,3.11,168.6
2012-11-15 01:10:00,2.7,163.8,2.81,166.6
2012-11-15 01:20:00,2.67,163.2,2.83,166.6
2012-11-15 01:30:00,2.25,161.1,2.5,165.0
2012-11-15 01:40:00,2.03,156.8,2.19,161.2
2012-11-15 01:50:00,2.1,155.7,2.24,159.0
2012-11-15 02:00:00,2.35,152.7,2.42,156.1
2012-11-15 02:10:00,2.41,155.2,2.48,158.3
2012-11-15 02:20:00,2.55,161.6,2.76,164.0
2012-11-15 02:30:00,3.15,165.1,3.24,169.1
2012-11-15 02:40:00,3.07,163.2,3.18,167.2
2012-11-15 02:50:00,2.47,155.0,2.77,159.1
2012-11-15 03:00:00,2.5,157.3,2.77,160.9
2012-11-15 03:10:00,2.52,161.4,2.78,163.1
2012-11-15 03:20:00,3.2,168.0,3.31,169.2
2012-11-15 03:30:00,3.19,169.0,3.38,170.9
2012-11-15 03:40:00,2.63,166.1,2.83,167.5
2012-11-15 03:50:00,3.14,170.2,3.35,171.7
2012-11-15 04:00:00,2.99,181.8,3.09,183.1
2012-11-15 04:10:00,3.92,174.6,3.92,174.2
2012-11-15 04:20:00,4.47,176.0,4.46,177.4
2012-11-15 04:30:00,4.17,176.8,3.99,177.3
2012-11-15 04:40:00,3.07,179.5,2.74,180.6
2012-11-15 04:50:00,3.23,168.5,3.21,171.0
2012-11-15 05:00:00,1.92,167.5,1.9,170.1
2012-11-15 05:10:00,1.43,169.1,1.55,169.6
2012-11-15 05:20:00,1.78,172.7,1.8,176.4
2012-11-15 05:30:00,1.7000000000000002,179.9,1.6800000000000002,182.0
2012-11-15 05:40:00,2.66,183.3,2.41,190.1
2012-11-15 05:50:00,3.44,176.0,3.05,180.6
2012-11-15 06:00:00,2.78,173.9,2.56,178.6
2012-11-15 06:10:00,2.9,177.1,2.39,183.3
2012-11-15 06:20:00,2.93,171.6,2.89,175.0
2012-11-15 06:30:00,3.04,169.7,3.13,172.4
2012-11-15 06:40:00,2.21,166.1,2.13,168.3
2012-11-15 06:50:00,1.39,157.5,1.55,160.8
2012-11-15 07:00:00,1.43,172.3,1.5,171.0
2012-11-15 07:10:00,1.27,178.2,1.31,176.4
2012-11-15 07:20:00,1.47,174.7,1.41,172.4
2012-11-15 07:30:00,1.6800000000000002,181.3,1.61,179.0
2012-11-15 07:40:00,1.49,161.1,1.47,162.9
2012-11-15 07:50:00,1.03,162.2,0.99,164.0
2012-11-15 08:00:00,1.73,169.0,1.72,170.4
2012-11-15 08:10:00,2.01,188.7,1.93,192.1
2012-11-15 08:20:00,3.25,159.8,3.19,160.9
2012-11-15 08:30:00,2.47,156.0,2.35,156.2
2012-11-15 08:40:00,2.75,173.6,2.61,176.4
2012-11-15 08:50:00,1.85,229.4,1.91,230.6
2012-11-15 09:00:00,2.17,218.2,2.15,221.1
2012-11-15 09:10:00,1.96,226.8,1.97,225.3
2012-11-15 09:20:00,2.36,223.1,2.34,221.6
2012-11-15 09:30:00,1.93,228.2,1.94,228.4
2012-11-15 09:40:00,1.9,210.5,1.91,211.6
2012-11-15 09:50:00,1.71,191.8,1.6800000000000002,198.3
2012-11-15 10:00:00,1.95,190.9,1.94,198.6
2012-11-15 11:50:00,0.98,191.7,1.09,190.2
2012-11-15 12:00:00,1.44,184.0,1.43,185.1
2012-11-15 12:10:00,1.46,183.4,1.46,180.6
2012-11-15 12:20:00,1.49,180.2,1.56,178.8
2012-11-15 12:30:00,1.39,188.6,1.34,183.7
2012-11-15 12:40:00,1.49,17.6,1.58,18.9
2012-11-15 13:00:00,1.33,359.4,1.29,0.9
2012-11-15 13:30:00,0.91,218.1,1.01,186.9
2012-11-15 13:50:00,1.3,196.6,1.32,196.9
2012-11-15 14:00:00,1.23,201.6,1.16,202.7
2012-11-15 14:10:00,1.05,191.0,1.1,193.6
2012-11-15 14:20:00,1.2,195.0,1.26,195.2
2012-11-15 14:30:00,1.13,175.3,1.11,176.4
2012-11-15 14:40:00,0.81,170.8,0.81,169.5
2012-11-15 14:50:00,1.64,158.7,1.65,159.6
2012-11-15 15:00:00,1.22,156.2,1.21,159.4
2012-11-15 15:10:00,0.5,157.7,0.51,165.3
2012-11-15 15:20:00,1.7000000000000002,150.6,1.69,152.1
2012-11-15 15:30:00,1.93,152.9,1.95,154.3
2012-11-15 15:40:00,1.76,159.8,1.76,161.7
2012-11-15 15:50:00,1.56,162.9,1.62,165.4
2012-11-15 16:00:00,1.52,151.2,1.55,153.9
2012-11-15 16:10:00,1.31,155.6,1.35,159.7
2012-11-15 16:20:00,0.99,152.2,1.09,157.7
2012-11-15 16:30:00,1.44,148.5,1.5,153.8
2012-11-15 16:40:00,1.82,144.6,1.82,149.8
2012-11-15 16:50:00,1.73,146.0,1.76,150.2
2012-11-15 17:00:00,1.67,147.4,1.81,152.6
2012-11-15 17:10:00,1.65,146.8,1.75,152.6
2012-11-15 17:20:00,2.36,141.1,2.32,146.2
2012-11-15 17:30:00,2.16,145.3,2.08,148.6
2012-11-15 17:40:00,2.32,140.4,2.27,142.0
2012-11-15 17:50:00,2.05,137.7,2.07,140.5
2012-11-15 18:00:00,1.8,132.7,1.81,134.6
2012-11-15 18:10:00,1.9,137.2,1.91,138.3
2012-11-15 18:20:00,1.84,137.3,1.91,139.2
2012-11-15 18:30:00,2.04,143.6,2.14,145.1
2012-11-15 18:40:00,2.19,153.4,2.3,154.9
2012-11-15 18:50:00,2.06,151.7,2.12,151.6
2012-11-15 19:00:00,2.27,157.6,2.3,157.2
2012-11-15 19:10:00,2.93,161.8,2.95,163.2
2012-11-15 19:20:00,3.33,160.3,3.22,160.3
2012-11-15 19:30:00,2.99,162.6,3.17,162.7
2012-11-15 19:40:00,2.55,160.5,2.74,160.3
2012-11-15 19:50:00,2.98,166.8,2.92,169.1
2012-11-15 20:00:00,2.52,154.9,2.6,155.9
2012-11-15 20:10:00,2.34,148.0,2.41,148.3
2012-11-15 20:20:00,2.54,152.5,2.63,153.6
2012-11-15 20:30:00,2.35,155.5,2.43,155.4
2012-11-15 20:40:00,2.66,157.0,2.84,156.8
2012-11-15 20:50:00,2.96,158.0,3.17,158.2
2012-11-15 21:00:00,3.05,158.2,3.25,158.1
2012-11-15 21:10:00,3.07,155.8,3.17,155.5
2012-11-15 21:20:00,3.43,157.1,3.48,157.1
2012-11-15 21:30:00,3.14,163.3,3.27,162.5
2012-11-15 21:40:00,3.05,158.8,3.17,158.8
2012-11-15 21:50:00,3.22,160.4,3.35,160.9
2012-11-15 22:00:00,2.62,158.4,2.71,160.1
2012-11-15 22:10:00,3.18,153.0,3.15,153.9
2012-11-15 22:20:00,3.3,161.7,3.41,163.2
2012-11-15 22:30:00,2.68,163.2,2.71,165.4
2012-11-15 22:40:00,2.17,167.4,2.25,167.6
2012-11-15 22:50:00,2.75,169.3,2.68,169.7
2012-11-15 23:00:00,2.66,165.8,2.77,166.2
2012-11-15 23:10:00,3.4,161.4,3.48,162.1
2012-11-15 23:20:00,3.7,157.9,3.75,158.1
2012-11-15 23:30:00,3.33,160.2,3.35,158.6
2012-11-15 23:40:00,2.84,170.6,2.99,169.1
2012-11-15 23:50:00,3.18,170.4,3.34,169.3
2012-11-16 00:00:00,3.13,171.3,3.23,170.3
2012-11-16 00:10:00,3.46,169.2,3.78,169.3
2012-11-16 00:20:00,3.56,176.2,3.5700000000000003,174.7
2012-11-16 00:30:00,4.09,170.1,4.14,169.8
2012-11-16 00:40:00,2.98,175.1,2.97,174.3
2012-11-16 00:50:00,3.46,169.7,3.53,168.4
2012-11-16 01:00:00,3.72,160.0,3.72,160.9
2012-11-16 01:10:00,3.66,163.5,3.71,164.8
2012-11-16 01:20:00,4.19,163.2,4.27,163.5
2012-11-16 01:30:00,3.32,153.8,3.41,154.4
2012-11-16 01:40:00,3.39,150.9,3.48,151.2
2012-11-16 01:50:00,3.42,145.6,3.53,145.6
2012-11-16 02:00:00,3.11,146.9,3.19,148.3
2012-11-16 02:10:00,3.71,153.8,3.75,153.3
2012-11-16 02:20:00,3.37,150.4,3.49,151.1
2012-11-16 02:30:00,2.89,160.0,2.99,159.8
2012-11-16 02:40:00,3.12,162.2,3.18,161.9
2012-11-16 02:50:00,3.5,156.4,3.55,156.7
2012-11-16 03:00:00,3.92,158.5,3.94,158.2
2012-11-16 03:10:00,3.46,150.3,3.54,150.5
2012-11-16 03:20:00,3.04,151.1,3.09,151.0
2012-11-16 03:30:00,2.88,149.5,2.99,149.0
2012-11-16 03:40:00,2.92,158.2,2.97,157.5
2012-11-16 03:50:00,3.13,162.5,3.2,162.2
2012-11-16 04:00:00,2.88,164.0,2.9,163.1
2012-11-16 04:10:00,3.09,162.8,3.15,162.6
2012-11-16 04:20:00,2.95,152.5,3.02,152.9
2012-11-16 04:30:00,3.03,145.6,3.09,146.6
2012-11-16 04:40:00,3.31,149.2,3.37,149.2
2012-11-16 04:50:00,3.62,151.8,3.68,151.7
2012-11-16 05:00:00,3.92,159.6,3.96,159.4
2012-11-16 05:10:00,3.86,161.0,3.91,161.0
2012-11-16 05:20:00,3.94,157.1,4.03,156.9
2012-11-16 05:30:00,3.51,166.8,3.5700000000000003,166.1
2012-11-16 05:40:00,4.21,154.1,4.23,153.8
2012-11-16 05:50:00,4.03,157.2,4.09,157.1
2012-11-16 06:00:00,4.32,165.1,4.38,164.8
2012-11-16 06:10:00,4.38,167.3,4.45,166.5
2012-11-16 06:20:00,3.87,158.9,3.95,159.0
2012-11-16 06:30:00,4.8100000000000005,165.1,4.84,164.5
2012-11-16 06:40:00,4.89,152.7,4.95,153.4
2012-11-16 06:50:00,4.99,148.4,5.06,148.3
2012-11-16 07:00:00,5.32,153.8,5.45,154.0
2012-11-16 07:10:00,4.67,158.4,4.78,158.1
2012-11-16 07:20:00,4.44,145.2,4.62,145.2
2012-11-16 07:30:00,4.8,143.3,4.94,144.5
2012-11-16 07:40:00,4.99,146.2,5.02,145.7
2012-11-16 07:50:00,4.84,162.1,5.01,162.3
2012-11-16 08:00:00,5.45,159.5,5.59,159.9
2012-11-16 08:10:00,5.42,164.2,5.51,163.9
2012-11-16 08:20:00,4.65,161.0,4.7,161.0
2012-11-16 08:30:00,4.86,161.7,4.99,162.1
2012-11-16 08:40:00,5.27,157.7,5.49,158.6
2012-11-16 08:50:00,5.29,152.5,5.42,152.7
2012-11-16 09:00:00,4.77,156.5,4.88,157.1
2012-11-16 09:10:00,5.02,160.2,5.12,160.5
2012-11-16 09:20:00,5.09,163.3,5.22,163.8
2012-11-16 09:30:00,5.61,157.9,5.72,158.1
2012-11-16 09:40:00,4.98,156.4,5.1,157.3
2012-11-16 09:50:00,4.6,157.8,4.65,158.9
2012-11-16 10:00:00,4.97,159.2,5.11,159.5
2012-11-16 10:10:00,4.95,152.1,5.06,152.3
2012-11-16 10:20:00,5.03,154.8,5.21,155.8
2012-11-16 10:30:00,3.99,157.7,3.97,157.5
2012-11-16 10:40:00,4.51,162.6,4.64,162.4
2012-11-16 10:50:00,3.88,163.7,3.98,162.3
2012-11-16 11:00:00,4.09,163.2,4.13,163.1
2012-11-16 11:10:00,4.16,145.7,4.24,146.3
2012-11-16 11:20:00,4.58,164.8,4.66,164.6
2012-11-16 11:30:00,4.12,154.5,4.16,153.4
2012-11-16 11:40:00,4.01,142.6,4.13,143.2
2012-11-16 11:50:00,4.35,157.8,4.44,158.4
2012-11-16 12:00:00,4.11,152.6,4.2,153.4
2012-11-16 12:10:00,4.08,172.6,4.11,172.1
2012-11-16 12:20:00,4.12,168.6,4.25,168.9
2012-11-16 12:30:00,4.09,154.8,4.15,153.9
2012-11-16 12:40:00,3.92,163.0,4.03,162.0
2012-11-16 12:50:00,4.57,156.3,4.77,156.7
2012-11-16 13:00:00,4.9,164.7,4.99,163.5
2012-11-16 13:10:00,4.48,173.1,4.57,172.0
2012-11-16 13:20:00,4.21,166.6,4.31,165.5
2012-11-16 13:30:00,4.72,146.7,4.82,146.9
2012-11-16 13:40:00,4.71,151.0,4.8100000000000005,151.8
2012-11-16 13:50:00,4.32,168.1,4.44,169.3
2012-11-16 14:00:00,3.5700000000000003,165.7,3.61,165.6
2012-11-16 14:10:00,4.17,156.9,4.31,157.1
2012-11-16 14:20:00,3.74,165.4,3.77,165.6
2012-11-16 14:30:00,4.28,156.5,4.4,156.7
2012-11-16 14:40:00,4.21,163.3,4.32,163.0
2012-11-16 14:50:00,4.08,167.5,4.17,167.5
2012-11-16 15:00:00,3.86,159.8,4.03,160.1
2012-11-16 15:10:00,3.59,144.1,3.61,144.3
2012-11-16 15:20:00,3.29,141.5,3.37,141.0
2012-11-16 15:30:00,3.41,144.6,3.48,144.4
2012-11-16 15:40:00,3.45,137.1,3.51,136.3
2012-11-16 15:50:00,3.76,140.7,3.81,140.8
2012-11-16 16:00:00,3.63,139.5,3.74,139.6
2012-11-16 16:10:00,4.58,135.1,4.74,135.0
2012-11-16 16:20:00,4.46,142.3,4.59,142.3
2012-11-16 16:30:00,4.2,145.2,4.34,145.4
2012-11-16 16:40:00,5.17,158.6,5.28,158.7
2012-11-16 16:50:00,4.65,157.2,4.71,156.6
2012-11-16 17:00:00,4.0,147.5,4.07,147.4
2012-11-16 17:10:00,3.99,146.1,4.15,145.7
2012-11-16 17:20:00,4.43,144.3,4.58,144.5
2012-11-16 17:30:00,4.39,148.9,4.5600000000000005,148.6
2012-11-16 17:40:00,3.81,152.1,3.88,152.7
2012-11-16 17:50:00,4.09,141.3,4.16,142.1
2012-11-16 18:00:00,5.14,149.9,5.29,150.1
2012-11-16 18:10:00,4.8100000000000005,148.0,4.92,147.9
2012-11-16 18:20:00,4.01,162.2,4.1,162.6
2012-11-16 18:30:00,4.18,156.2,4.23,156.0
2012-11-16 18:40:00,4.27,155.7,4.45,155.1
2012-11-16 18:50:00,4.44,148.1,4.58,149.1
2012-11-16 19:00:00,4.52,149.0,4.59,148.7
2012-11-16 19:10:00,4.4,141.4,4.47,141.6
2012-11-16 19:20:00,4.31,138.3,4.41,139.5
2012-11-16 19:30:00,3.99,146.6,4.18,147.4
2012-11-16 19:40:00,4.09,133.9,4.21,134.6
2012-11-16 19:50:00,4.75,150.1,4.86,149.6
2012-11-16 20:00:00,4.8,137.1,4.89,136.9
2012-11-16 20:10:00,4.09,146.7,4.22,145.9
2012-11-16 20:20:00,5.3,145.3,5.51,144.2
2012-11-16 20:30:00,5.3,147.1,5.5,147.0
2012-11-16 20:40:00,5.08,164.4,5.26,165.0
2012-11-16 20:50:00,5.37,163.5,5.63,163.2
2012-11-16 21:00:00,5.4,155.0,5.59,154.8
2012-11-16 21:10:00,5.41,161.8,5.61,162.5
2012-11-16 21:20:00,5.06,151.3,5.21,150.3
2012-11-16 21:30:00,4.85,145.2,5.02,145.3
2012-11-16 21:40:00,4.92,151.2,5.02,151.5
2012-11-16 21:50:00,5.12,153.5,5.29,153.6
2012-11-16 22:00:00,4.87,166.5,5.05,166.4
2012-11-16 22:10:00,4.33,148.8,4.5,148.0
2012-11-16 22:20:00,5.3,142.9,5.38,143.0
2012-11-16 22:30:00,5.51,156.7,5.64,156.5
2012-11-16 22:40:00,5.89,159.6,6.09,159.6
2012-11-16 22:50:00,5.22,158.2,5.38,157.5
2012-11-16 23:00:00,5.41,164.8,5.58,164.5
2012-11-16 23:10:00,5.43,158.2,5.71,158.5
2012-11-16 23:20:00,5.22,165.0,5.38,163.8
2012-11-16 23:30:00,4.16,150.1,4.26,149.6
2012-11-16 23:40:00,4.24,142.4,4.41,142.8
2012-11-16 23:50:00,4.91,145.3,5.05,145.8
2012-11-17 00:00:00,4.99,136.9,5.09,137.3
2012-11-17 00:10:00,5.12,157.1,5.33,157.6
2012-11-17 00:20:00,4.91,149.3,5.04,149.0
2012-11-17 00:30:00,5.61,166.1,5.79,166.1
2012-11-17 00:40:00,6.0,159.7,6.24,160.0
2012-11-17 00:50:00,5.57,160.9,5.89,161.7
2012-11-17 01:00:00,4.88,143.9,4.98,144.1
2012-11-17 01:10:00,4.88,143.9,5.09,143.9
2012-11-17 01:20:00,4.67,153.9,4.85,154.2
2012-11-17 01:30:00,5.55,150.5,5.71,150.6
2012-11-17 01:40:00,5.94,152.3,6.11,151.9
2012-11-17 01:50:00,5.2,148.2,5.31,147.7
2012-11-17 02:00:00,4.92,135.6,5.06,135.4
2012-11-17 02:10:00,4.8,144.2,4.95,144.0
2012-11-17 02:20:00,4.72,136.3,4.78,135.7
2012-11-17 02:30:00,5.68,132.0,5.79,132.2
2012-11-17 02:40:00,5.59,140.1,5.73,140.6
2012-11-17 02:50:00,5.64,138.4,5.87,138.7
2012-11-17 03:00:00,4.88,141.1,5.11,140.5
2012-11-17 03:10:00,5.26,140.5,5.45,140.4
2012-11-17 03:20:00,4.79,136.8,4.98,136.9
2012-11-17 03:30:00,5.27,136.5,5.47,135.8
2012-11-17 03:40:00,5.43,136.5,5.54,136.2
2012-11-17 03:50:00,6.1,131.9,6.19,131.6
2012-11-17 04:00:00,4.79,136.5,5.03,135.8
2012-11-17 04:10:00,4.75,136.9,4.91,137.1
2012-11-17 04:20:00,4.92,132.3,4.98,132.3
2012-11-17 04:30:00,4.96,132.5,5.13,132.2
2012-11-17 04:40:00,5.05,130.4,5.17,129.8
2012-11-17 04:50:00,5.2,131.5,5.38,131.8
2012-11-17 05:00:00,6.16,129.5,6.27,129.5
2012-11-17 05:10:00,5.48,131.3,5.69,131.4
2012-11-17 05:20:00,6.07,130.6,6.26,130.5
2012-11-17 05:30:00,6.91,127.2,7.12,127.1
2012-11-17 05:40:00,5.82,132.0,5.99,132.1
2012-11-17 05:50:00,5.87,131.6,5.93,130.4
2012-11-17 06:00:00,5.95,132.1,6.15,131.9
2012-11-17 06:10:00,6.69,130.3,6.82,130.4
2012-11-17 06:20:00,6.59,130.0,6.74,130.1
2012-11-17 06:30:00,6.86,129.3,7.0,129.5
2012-11-17 06:40:00,6.66,131.7,6.74,131.8
2012-11-17 06:50:00,6.58,132.4,6.79,132.6
2012-11-17 07:00:00,5.92,134.2,6.13,134.7
2012-11-17 07:10:00,5.83,134.8,5.94,134.7
2012-11-17 07:20:00,5.97,135.4,6.08,135.8
2012-11-17 07:30:00,5.58,138.1,5.72,138.0
2012-11-17 07:40:00,5.47,138.4,5.61,138.5
2012-11-17 07:50:00,6.15,138.7,6.34,138.6
2012-11-17 08:00:00,5.71,137.0,5.95,136.6
2012-11-17 08:10:00,6.55,131.4,6.71,131.4
2012-11-17 08:20:00,7.33,133.1,7.6,133.5
2012-11-17 08:30:00,6.5,136.9,6.71,137.1
2012-11-17 08:40:00,6.15,138.2,6.4,138.0
2012-11-17 08:50:00,6.17,140.1,6.28,139.3
2012-11-17 09:00:00,6.28,136.8,6.35,137.1
2012-11-17 09:10:00,7.06,129.9,7.1,130.2
2012-11-17 09:20:00,6.84,133.2,7.0,133.0
2012-11-17 09:30:00,6.5600000000000005,130.7,6.65,130.5
2012-11-17 09:40:00,7.28,132.3,7.46,132.2
2012-11-17 09:50:00,6.27,137.5,6.47,136.8
2012-11-17 10:00:00,6.45,129.8,6.51,129.5
2012-11-17 10:10:00,7.37,127.1,7.46,127.7
2012-11-17 10:20:00,6.91,128.2,7.03,128.3
2012-11-17 10:30:00,6.29,128.3,6.46,128.6
2012-11-17 10:40:00,7.44,125.9,7.49,125.7
2012-11-17 10:50:00,8.16,122.2,8.16,123.2
2012-11-17 11:00:00,8.61,123.3,8.66,123.5
2012-11-17 11:10:00,7.53,129.7,7.69,129.5
2012-11-17 11:20:00,7.73,130.1,7.89,130.1
2012-11-17 11:30:00,7.48,125.3,7.58,125.4
2012-11-17 11:40:00,7.48,124.9,7.57,125.0
2012-11-17 11:50:00,6.97,127.1,7.07,127.7
2012-11-17 12:00:00,7.26,126.5,7.44,126.8
2012-11-17 12:10:00,7.37,125.7,7.49,125.8
2012-11-17 12:20:00,8.05,126.0,8.08,126.6
2012-11-17 12:30:00,7.67,126.4,7.87,127.0
2012-11-17 12:40:00,7.52,126.7,7.56,126.7
2012-11-17 12:50:00,7.13,132.0,7.34,130.8
2012-11-17 13:00:00,6.26,134.6,6.52,134.6
2012-11-17 13:10:00,6.04,138.9,6.3,138.8
2012-11-17 13:20:00,5.2,140.3,5.38,139.5
2012-11-17 13:30:00,7.04,131.6,7.16,131.4
2012-11-17 13:40:00,5.69,138.1,5.87,138.1
2012-11-17 13:50:00,5.62,132.3,5.72,132.9
2012-11-17 14:00:00,6.25,129.8,6.31,130.5
2012-11-17 14:10:00,6.28,131.9,6.43,132.5
2012-11-17 14:20:00,6.51,130.4,6.7,130.7
2012-11-17 14:30:00,6.09,133.7,6.2,133.5
2012-11-17 14:40:00,4.54,137.0,4.76,137.1
2012-11-17 14:50:00,5.21,140.9,5.51,140.6
2012-11-17 15:00:00,5.46,134.8,5.65,135.2
2012-11-17 15:10:00,5.14,140.8,5.32,141.3
2012-11-17 15:20:00,4.72,143.8,4.89,144.4
2012-11-17 15:30:00,5.24,142.1,5.46,143.2
2012-11-17 15:40:00,5.2,142.5,5.34,143.1
2012-11-17 15:50:00,4.91,144.9,5.09,145.3
2012-11-17 16:00:00,5.72,144.1,5.89,144.1
2012-11-17 16:10:00,5.48,142.1,5.74,143.0
2012-11-17 16:20:00,5.16,144.3,5.32,145.1
2012-11-17 16:30:00,4.79,144.1,5.06,144.7
2012-11-17 16:40:00,4.53,145.8,4.75,147.1
2012-11-17 16:50:00,4.83,146.8,5.07,147.8
2012-11-17 17:00:00,4.94,149.7,5.2,150.2
2012-11-17 17:10:00,5.02,150.3,5.35,152.2
2012-11-17 17:20:00,4.97,153.1,5.35,153.4
2012-11-17 17:30:00,5.23,150.5,5.52,151.4
2012-11-17 17:40:00,4.57,145.8,4.86,146.3
2012-11-17 17:50:00,4.71,145.0,5.02,147.1
2012-11-17 18:00:00,4.54,147.0,4.99,149.3
2012-11-17 18:10:00,4.8,146.4,5.13,148.6
2012-11-17 18:20:00,5.05,148.1,5.41,150.0
2012-11-17 18:30:00,5.46,152.2,5.9,152.7
2012-11-17 18:40:00,5.76,151.6,6.2,151.9
2012-11-17 18:50:00,5.45,153.4,5.93,153.6
2012-11-17 19:00:00,5.71,156.1,6.05,158.1
2012-11-17 19:10:00,5.63,160.3,6.06,162.3
2012-11-17 19:20:00,5.73,161.5,6.29,163.1
2012-11-17 19:30:00,6.32,164.1,6.85,165.3
2012-11-17 19:40:00,5.98,169.0,6.37,169.4
2012-11-17 19:50:00,5.91,172.6,5.97,172.9
2012-11-17 20:00:00,5.63,173.9,5.34,175.9
2012-11-17 20:10:00,5.3,171.8,4.89,175.3
2012-11-17 20:20:00,4.92,173.4,4.6,178.8
2012-11-17 20:30:00,4.75,172.6,4.55,175.0
2012-11-17 20:40:00,4.77,171.9,4.74,172.7
2012-11-17 20:50:00,4.91,170.9,5.06,170.6
2012-11-17 21:00:00,4.69,166.0,4.88,167.7
2012-11-17 21:10:00,4.92,164.2,5.08,164.8
2012-11-17 21:20:00,5.17,162.2,5.37,162.7
2012-11-17 21:30:00,5.0,164.5,5.22,165.2
2012-11-17 21:40:00,4.63,168.4,4.79,169.2
2012-11-17 21:50:00,4.46,170.7,4.57,170.5
2012-11-17 22:00:00,4.0,172.8,4.05,173.8
2012-11-17 22:10:00,4.72,171.5,4.51,172.5
2012-11-17 22:20:00,4.44,172.1,4.18,174.4
2012-11-17 22:30:00,4.17,171.8,4.02,173.1
2012-11-17 22:40:00,4.08,171.7,3.88,173.7
2012-11-17 22:50:00,3.59,174.4,3.26,179.4
2012-11-17 23:00:00,3.17,180.8,2.78,189.1
2012-11-17 23:10:00,2.84,184.5,2.62,194.9
2012-11-17 23:20:00,2.5700000000000003,187.5,2.56,195.0
2012-11-17 23:30:00,3.04,178.6,2.75,184.0
2012-11-17 23:40:00,2.88,189.0,2.55,195.8
2012-11-17 23:50:00,2.34,189.0,2.35,197.2
2012-11-18 00:00:00,2.29,188.6,2.46,197.3
2012-11-18 00:10:00,2.81,196.3,3.16,200.3
2012-11-18 00:20:00,3.13,204.1,3.38,205.6
2012-11-18 00:30:00,2.64,199.8,2.98,202.0
2012-11-18 00:40:00,3.06,203.5,3.27,203.7
2012-11-18 00:50:00,3.93,197.7,4.21,200.4
2012-11-18 01:00:00,4.06,197.4,4.21,200.0
2012-11-18 01:10:00,3.46,204.6,3.61,207.1
2012-11-18 01:20:00,3.51,207.3,3.72,208.8
2012-11-18 01:30:00,3.22,206.3,3.4,207.1
2012-11-18 01:40:00,3.65,202.4,3.8,203.4
2012-11-18 01:50:00,3.56,201.3,3.66,202.3
2012-11-18 02:00:00,4.13,203.3,4.23,204.7
2012-11-18 02:10:00,4.61,204.1,4.78,205.2
2012-11-21 22:10:00,7.81,165.6,8.49,166.9
2012-11-21 22:20:00,8.6,168.6,9.17,170.0
2012-11-21 22:30:00,8.1,167.1,8.77,167.9
2012-11-21 22:40:00,8.03,164.9,8.75,166.3
2012-11-21 22:50:00,8.49,164.5,9.18,165.5
2012-11-21 23:00:00,8.56,165.3,9.25,165.3
2012-11-21 23:10:00,8.49,164.6,9.36,165.3
2012-11-21 23:20:00,8.47,162.3,9.24,163.3
2012-11-21 23:30:00,8.75,163.9,9.49,164.8
2012-11-21 23:40:00,8.54,163.2,9.22,164.2
2012-11-21 23:50:00,8.5,163.1,9.3,164.1
2012-11-22 00:00:00,9.27,163.0,10.06,164.0
2012-11-22 00:10:00,10.05,165.0,10.79,166.1
2012-11-22 00:20:00,9.44,170.0,10.23,171.0
2012-11-22 00:30:00,10.08,170.0,11.13,170.4
2012-11-22 00:40:00,9.77,168.7,10.63,169.8
2012-11-22 00:50:00,9.67,168.8,10.55,169.8
2012-11-22 01:00:00,10.26,177.4,10.8,177.8
2012-11-22 01:10:00,11.04,177.7,11.72,177.6
2012-11-22 01:20:00,10.8,176.5,11.58,176.1
2012-11-22 01:30:00,10.09,182.7,10.33,185.1
2012-11-22 01:40:00,9.64,190.6,9.76,194.7
2012-11-22 01:50:00,10.99,196.1,11.58,196.9
2012-11-22 02:00:00,10.89,198.5,11.47,198.8
2012-11-22 02:10:00,11.74,204.3,12.53,204.0
2012-11-22 02:20:00,11.7,205.1,12.49,205.3
2012-11-22 02:30:00,11.08,206.6,11.94,206.8
2012-11-22 02:40:00,10.51,207.0,11.32,207.0
2012-11-22 02:50:00,11.53,211.8,12.33,211.9
2012-11-22 03:00:00,12.05,211.2,12.98,211.3
2012-11-22 03:10:00,12.54,213.4,13.29,213.4
2012-11-22 03:20:00,12.06,219.1,12.78,219.2
2012-11-22 03:30:00,13.02,220.8,13.81,220.8
2012-11-22 03:40:00,13.19,221.2,13.88,221.5
2012-11-22 03:50:00,13.28,222.9,14.07,223.2
2012-11-22 04:00:00,14.13,227.3,14.87,227.5
2012-11-22 04:10:00,14.72,232.9,15.48,233.5
2012-11-22 04:20:00,15.19,235.0,15.91,235.5
2012-11-22 04:30:00,14.2,237.1,14.89,237.4
2012-11-22 04:40:00,12.97,235.8,13.51,236.2
2012-11-22 04:50:00,11.58,237.2,12.2,237.8
2012-11-22 05:00:00,11.19,238.2,11.87,238.8
2012-11-22 05:10:00,12.64,245.8,13.31,245.9
2012-11-22 05:20:00,12.75,243.6,13.52,243.7
2012-11-22 05:30:00,12.81,243.5,13.58,243.7
2012-11-22 05:40:00,13.88,244.8,14.54,245.3
2012-11-22 05:50:00,13.17,242.0,14.08,242.4
2012-11-22 06:00:00,12.0,237.1,12.63,237.3
2012-11-22 06:10:00,11.71,233.4,12.29,234.0
2012-11-22 06:20:00,12.07,235.9,12.74,236.3
2012-11-22 06:30:00,12.44,236.6,13.12,236.8
2012-11-22 06:40:00,11.39,235.4,11.9,235.7
2012-11-22 06:50:00,10.67,234.2,11.27,234.6
2012-11-22 07:00:00,10.71,233.7,11.35,234.1
2012-11-22 07:10:00,11.18,232.7,11.78,232.9
2012-11-22 07:20:00,11.44,231.4,11.99,231.5
2012-11-22 07:30:00,10.85,229.8,11.39,229.9
2012-11-22 07:40:00,9.36,221.1,9.83,221.5
2012-11-22 07:50:00,9.13,220.4,9.7,220.2
2012-11-22 08:00:00,9.15,215.7,9.74,215.3
2012-11-22 08:10:00,8.74,211.8,9.33,211.5
2012-11-22 08:20:00,8.57,208.5,9.12,208.1
2012-11-22 08:30:00,8.63,211.7,9.26,211.4
2012-11-22 08:40:00,8.86,211.6,9.45,210.9
2012-11-22 08:50:00,8.61,213.1,9.11,213.2
2012-11-22 09:00:00,8.51,213.1,9.06,213.0
2012-11-22 09:10:00,8.8,211.8,9.46,211.2
2012-11-22 09:20:00,8.86,211.1,9.49,210.5
2012-11-22 09:30:00,8.67,208.4,9.23,208.1
2012-11-22 09:40:00,8.77,209.0,9.35,208.8
2012-11-22 09:50:00,8.93,210.6,9.48,210.0
2012-11-22 10:00:00,9.3,211.7,9.9,211.2
2012-11-22 10:10:00,9.22,211.7,9.81,211.6
2012-11-22 10:20:00,8.82,211.7,9.46,211.3
2012-11-22 10:30:00,8.64,211.6,9.27,211.0
2012-11-22 10:40:00,8.71,211.5,9.39,210.9
2012-11-22 10:50:00,8.43,211.0,9.08,209.9
2012-11-22 11:00:00,8.37,209.7,8.92,209.2
2012-11-22 11:10:00,8.18,209.3,8.78,208.9
2012-11-22 11:20:00,8.13,211.5,8.84,211.0
2012-11-22 11:30:00,7.92,209.3,8.61,208.9
2012-11-22 11:40:00,7.63,209.7,8.33,209.3
2012-11-22 11:50:00,7.57,210.1,8.24,210.0
2012-11-22 12:00:00,7.33,210.4,7.97,210.2
2012-11-22 12:10:00,6.85,211.9,7.48,211.2
2012-11-22 12:20:00,6.93,212.3,7.59,211.1
2012-11-22 12:30:00,5.69,205.5,5.82,206.3
2012-11-22 12:40:00,5.57,203.0,5.62,203.5
2012-11-22 12:50:00,6.19,204.9,6.2,206.4
2012-11-22 13:00:00,6.61,202.8,6.65,203.4
2012-11-22 13:10:00,6.0,198.6,6.12,199.8
2012-11-22 13:20:00,7.48,203.1,7.65,204.6
2012-11-22 13:30:00,6.9,203.9,7.14,205.4
2012-11-22 13:40:00,5.84,201.5,5.91,203.7
2012-11-22 13:50:00,6.38,203.3,6.48,204.6
2012-11-22 14:00:00,6.66,194.1,7.0,194.1
2012-11-22 14:10:00,6.9,186.4,7.35,187.6
2012-11-22 14:20:00,6.98,186.4,7.49,187.1
2012-11-22 14:30:00,7.14,181.7,7.65,182.6
2012-11-22 14:40:00,7.18,179.5,7.74,180.1
2012-11-22 14:50:00,6.02,186.5,6.1,189.5
2012-11-22 15:00:00,6.49,175.4,5.94,178.1
2012-11-22 15:10:00,7.89,171.4,8.04,171.2
2012-11-22 15:20:00,7.9,169.5,8.31,169.8
2012-11-22 15:30:00,7.14,166.7,7.96,167.9
2012-11-22 15:40:00,7.0,165.9,7.77,167.1
2012-11-22 15:50:00,7.05,162.3,7.78,164.2
2012-11-22 16:00:00,7.02,159.7,7.64,162.0
2012-11-22 16:10:00,6.77,159.9,7.27,162.1
2012-11-22 16:20:00,7.13,163.0,7.8,165.4
2012-11-22 16:30:00,7.11,161.2,7.73,162.9
2012-11-22 16:40:00,7.55,159.6,8.19,161.1
2012-11-22 16:50:00,7.77,162.6,8.54,163.9
2012-11-22 17:00:00,7.55,166.3,8.44,167.5
2012-11-22 17:10:00,7.35,165.6,8.22,167.2
2012-11-22 17:20:00,7.67,164.1,8.42,165.4
2012-11-22 17:30:00,7.12,161.8,7.91,163.5
2012-11-22 17:40:00,7.26,165.2,8.04,166.6
2012-11-22 17:50:00,7.21,167.9,8.09,168.2
2012-11-22 18:00:00,6.98,167.3,7.81,168.4
2012-11-22 18:10:00,7.0,164.5,7.83,166.2
2012-11-22 18:20:00,7.65,163.5,8.47,165.1
2012-11-22 18:30:00,7.75,163.9,8.55,165.4
2012-11-22 18:40:00,7.44,163.1,8.26,164.8
2012-11-22 18:50:00,7.23,161.0,8.02,163.2
2012-11-22 19:00:00,7.12,160.3,7.86,162.1
2012-11-22 19:10:00,7.93,160.1,8.73,161.7
2012-11-22 19:20:00,8.02,162.2,8.85,163.6
2012-11-22 19:30:00,7.7,164.9,8.65,166.5
2012-11-22 19:40:00,8.26,164.6,9.12,166.4
2012-11-22 19:50:00,7.98,165.6,8.89,167.5
2012-11-22 20:00:00,8.33,164.0,9.11,165.5
2012-11-22 20:10:00,8.44,164.4,9.26,165.8
2012-11-22 20:20:00,8.16,163.1,8.84,164.4
2012-11-22 20:30:00,8.0,165.2,8.74,166.7
2012-11-22 20:40:00,7.73,164.4,8.58,165.9
2012-11-22 20:50:00,7.6,165.8,8.42,167.4
2012-11-22 21:00:00,7.52,164.9,8.31,166.4
2012-11-22 21:10:00,7.99,162.2,8.79,163.3
2012-11-22 21:20:00,8.16,158.8,8.9,159.9
2012-11-22 21:30:00,8.23,157.4,8.95,158.9
2012-11-22 21:40:00,8.15,156.8,8.94,158.3
2012-11-22 21:50:00,8.24,155.2,8.85,156.7
2012-11-22 22:00:00,8.38,156.9,8.88,158.3
2012-11-22 22:10:00,8.71,155.1,9.22,156.4
2012-11-22 22:20:00,9.04,152.8,9.59,154.2
2012-11-22 22:30:00,8.93,153.0,9.37,154.2
2012-11-22 22:40:00,8.77,154.7,9.29,156.4
2012-11-22 22:50:00,8.24,156.3,8.9,157.7
2012-11-22 23:00:00,7.92,158.3,8.52,159.5
2012-11-22 23:10:00,8.4,155.0,8.83,156.3
2012-11-22 23:20:00,8.05,155.8,8.64,156.8
2012-11-22 23:30:00,7.81,154.7,8.43,156.0
2012-11-22 23:40:00,9.02,151.5,9.58,152.5
2012-11-22 23:50:00,8.34,153.8,8.82,154.3
2012-11-23 00:00:00,8.42,154.7,9.09,155.6
2012-11-23 00:10:00,8.5,155.7,9.05,157.1
2012-11-23 00:20:00,8.04,157.9,8.75,159.3
2012-11-23 00:30:00,8.28,156.8,9.03,158.0
2012-11-23 00:40:00,8.57,156.9,9.26,158.1
2012-11-23 00:50:00,9.0,155.7,9.66,156.8
2012-11-23 01:00:00,8.96,153.5,9.6,154.2
2012-11-23 01:10:00,8.66,150.9,9.21,152.1
2012-11-23 01:20:00,8.09,152.6,8.64,153.5
2012-11-23 01:30:00,7.94,152.2,8.44,152.4
2012-11-23 01:40:00,8.11,150.6,8.67,151.5
2012-11-23 01:50:00,7.98,146.2,8.55,147.7
2012-11-23 02:00:00,7.96,149.0,8.39,150.0
2012-11-23 02:10:00,8.88,154.2,9.64,154.6
2012-11-23 02:20:00,9.31,151.8,9.91,152.7
2012-11-23 02:30:00,8.99,152.7,9.48,153.5
2012-11-23 02:40:00,9.03,154.0,9.51,154.1
2012-11-23 02:50:00,8.62,151.4,9.19,151.5
2012-11-23 03:00:00,7.75,147.3,8.25,148.7
2012-11-23 03:10:00,8.06,148.8,8.51,150.1
2012-11-23 03:20:00,8.53,154.7,9.09,154.2
2012-11-23 03:30:00,8.63,152.2,9.23,152.8
2012-11-23 03:40:00,8.97,153.6,9.46,154.6
2012-11-23 03:50:00,9.11,152.5,9.62,152.7
2012-11-23 04:00:00,9.15,154.1,9.96,154.3
2012-11-23 04:10:00,9.43,154.0,10.07,154.0
2012-11-23 04:20:00,9.77,153.0,10.56,153.7
2012-11-23 04:30:00,9.75,154.7,10.56,155.3
2012-11-23 04:40:00,10.17,154.9,10.93,155.4
2012-11-23 04:50:00,10.26,154.4,10.99,155.1
2012-11-23 05:00:00,10.22,152.4,11.05,153.1
2012-11-23 05:10:00,10.28,152.8,10.87,153.3
2012-11-23 05:20:00,9.98,152.4,10.53,153.2
2012-11-23 05:30:00,10.15,152.6,10.7,153.0
2012-11-23 05:40:00,9.93,152.6,10.43,153.2
2012-11-23 05:50:00,8.43,149.3,8.97,150.3
2012-11-23 06:00:00,7.77,147.7,8.36,148.3
2012-11-23 06:10:00,8.34,151.5,8.76,151.6
2012-11-23 06:20:00,9.36,152.1,9.89,152.5
2012-11-23 06:30:00,8.68,150.8,9.18,151.3
2012-11-23 06:40:00,8.93,152.2,9.41,152.4
2012-11-23 06:50:00,9.46,152.3,9.91,152.5
2012-11-23 07:00:00,9.44,152.1,9.92,152.5
2012-11-23 07:10:00,9.33,151.5,9.77,152.5
2012-11-23 07:20:00,8.44,150.1,8.91,150.9
2012-11-23 07:30:00,8.3,150.1,8.68,150.9
2012-11-23 07:40:00,8.1,149.3,8.64,149.6
2012-11-23 07:50:00,9.05,151.6,9.74,152.7
2012-11-23 08:00:00,9.29,152.9,9.86,152.9
2012-11-23 08:10:00,9.93,151.1,10.57,151.8
2012-11-23 08:20:00,9.8,152.5,10.33,153.3
2012-11-23 08:30:00,9.67,152.1,10.37,152.8
2012-11-23 08:40:00,10.23,153.1,10.69,153.3
2012-11-23 08:50:00,10.27,154.1,10.75,154.1
2012-11-23 09:00:00,9.95,154.8,10.58,155.1
2012-11-23 09:10:00,9.84,155.5,10.5,155.7
2012-11-23 09:20:00,9.6,156.4,10.21,156.6
2012-11-23 09:30:00,9.05,160.1,9.78,160.7
2012-11-23 09:40:00,9.5,158.2,10.14,158.4
2012-11-23 09:50:00,9.19,160.8,9.92,161.1
2012-11-23 10:00:00,9.18,162.6,9.76,163.1
2012-11-23 10:10:00,9.04,160.6,9.62,161.2
2012-11-23 10:20:00,8.31,157.8,8.97,158.2
2012-11-23 10:30:00,8.49,162.6,9.04,163.3
2012-11-23 10:40:00,9.05,162.0,9.71,162.5
2012-11-23 10:50:00,9.47,163.1,10.15,164.1
2012-11-23 11:00:00,9.15,166.3,9.86,166.8
2012-11-23 11:10:00,8.94,167.3,9.7,168.2
2012-11-23 11:20:00,10.03,170.5,10.62,169.5
2012-11-23 11:30:00,9.7,170.7,10.23,169.7
2012-11-23 11:40:00,9.47,171.6,10.05,170.1
2012-11-23 11:50:00,9.65,172.5,9.93,170.7
2012-11-23 12:00:00,9.11,172.9,9.36,171.0
2012-11-23 12:10:00,8.89,171.2,9.4,169.5
2012-11-23 12:20:00,8.76,170.3,9.27,169.3
2012-11-23 12:30:00,8.44,171.0,8.72,169.3
2012-11-23 12:40:00,8.05,171.9,8.62,170.2
2012-11-23 12:50:00,7.94,172.8,7.95,172.2
2012-11-23 13:00:00,7.33,176.1,7.01,177.9
2012-11-23 13:10:00,7.64,173.4,7.71,172.6
2012-11-23 13:20:00,7.22,173.1,7.21,171.6
2012-11-23 13:30:00,6.87,175.4,6.53,175.3
2012-11-23 13:40:00,7.23,172.5,7.49,171.2
2012-11-23 13:50:00,7.28,173.9,7.25,172.7
2012-11-23 14:00:00,5.95,176.1,5.63,179.3
2012-11-23 14:10:00,4.91,185.5,4.38,195.8
2012-11-23 14:20:00,4.75,185.8,4.18,197.2
2012-11-23 14:30:00,4.68,195.4,5.12,205.8
2012-11-23 14:40:00,5.46,201.4,5.83,204.3
2012-11-23 14:50:00,6.69,205.6,6.73,207.0
2012-11-23 15:00:00,4.45,191.7,4.65,199.3
2012-11-23 15:10:00,4.91,198.6,5.25,204.0
2012-11-23 15:20:00,6.58,207.3,7.22,209.9
2012-11-23 15:30:00,6.97,214.3,7.51,214.7
2012-11-23 15:40:00,6.95,217.6,7.49,217.6
2012-11-23 15:50:00,6.33,212.4,6.91,212.2
2012-11-23 16:00:00,6.14,210.9,6.7,210.3
2012-11-23 16:10:00,5.75,208.7,6.38,208.1
2012-11-23 16:20:00,5.78,207.9,6.2,208.5
2012-11-23 16:30:00,5.3,204.1,5.72,205.2
2012-11-23 16:40:00,5.54,207.9,6.06,207.8
2012-11-23 16:50:00,5.72,209.4,6.3,209.8
2012-11-23 17:00:00,5.55,210.0,6.0,210.3
2012-11-23 17:10:00,5.4,214.0,5.96,214.4
2012-11-23 17:20:00,6.09,215.5,6.61,216.1
2012-11-23 17:30:00,6.12,215.7,6.69,216.2
2012-11-23 17:40:00,6.34,217.5,6.82,217.8
2012-11-23 17:50:00,6.63,218.6,7.07,219.0
2012-11-23 18:00:00,6.47,220.1,6.99,220.6
2012-11-23 18:10:00,6.04,215.9,6.5600000000000005,216.3
2012-11-23 18:20:00,6.17,215.1,6.6,215.7
2012-11-23 18:30:00,6.03,217.2,6.46,217.9
2012-11-23 18:40:00,5.86,219.2,6.37,219.9
2012-11-23 18:50:00,6.09,219.4,6.54,220.2
2012-11-23 19:00:00,6.6,219.2,7.06,220.2
2012-11-23 19:10:00,6.63,220.0,7.11,221.2
2012-11-23 19:20:00,6.69,219.1,7.19,220.3
2012-11-23 19:30:00,6.52,222.0,7.03,223.1
2012-11-23 19:40:00,6.1,218.3,6.62,220.0
2012-11-23 19:50:00,5.69,215.0,6.25,216.5
2012-11-23 20:00:00,5.57,215.7,6.14,217.4
2012-11-23 20:10:00,5.9,216.9,6.42,218.3
2012-11-23 20:20:00,6.14,221.2,6.58,222.1
2012-11-23 20:30:00,6.05,226.7,6.59,226.8
2012-11-23 20:40:00,6.28,227.6,6.82,228.2
2012-11-23 20:50:00,6.24,226.8,6.73,227.3
2012-11-23 21:00:00,5.88,220.6,6.41,220.8
2012-11-23 21:10:00,6.26,218.8,6.63,219.4
2012-11-23 21:20:00,5.5600000000000005,221.3,5.91,221.7
2012-11-23 21:30:00,5.25,218.7,5.73,219.5
2012-11-23 21:40:00,5.93,217.2,6.27,218.2
2012-11-23 21:50:00,5.69,217.5,6.1,218.3
2012-11-23 22:00:00,6.65,220.2,7.02,220.5
2012-11-23 22:10:00,5.66,227.1,5.97,228.1
2012-11-23 22:20:00,5.62,222.1,6.0,223.2
2012-11-23 22:30:00,5.8100000000000005,224.3,6.11,225.7
2012-11-23 22:40:00,5.4,228.3,5.61,229.6
2012-11-23 22:50:00,4.91,229.5,5.16,231.0
2012-11-23 23:00:00,4.05,232.5,4.33,234.4
2012-11-23 23:10:00,4.07,240.6,4.3,243.0
2012-11-23 23:20:00,5.09,251.5,5.25,251.4
2012-11-23 23:30:00,4.8,247.4,4.93,247.1
2012-11-23 23:40:00,3.47,243.3,3.64,242.7
2012-11-23 23:50:00,2.85,227.4,3.06,228.6
2012-11-24 00:00:00,3.05,209.9,3.24,213.0
2012-11-24 00:10:00,2.67,204.9,2.73,208.3
2012-11-24 00:20:00,3.05,207.7,3.08,210.7
2012-11-24 00:30:00,3.32,209.0,3.37,211.5
2012-11-24 00:40:00,3.18,214.6,3.33,217.4
2012-11-24 00:50:00,2.88,213.3,3.02,213.8
2012-11-24 01:00:00,2.91,217.1,3.04,218.3
2012-11-24 01:10:00,2.81,208.0,2.91,210.3
2012-11-24 01:20:00,2.85,200.2,2.86,201.9
2012-11-24 01:30:00,2.91,204.0,2.9,206.0
2012-11-24 01:40:00,2.93,199.2,2.89,199.9
2012-11-24 01:50:00,3.33,211.0,3.37,211.4
2012-11-24 02:00:00,3.27,211.7,3.32,211.4
2012-11-24 02:10:00,3.32,210.2,3.39,209.8
2012-11-24 02:20:00,2.7,207.0,2.64,207.8
2012-11-24 02:30:00,2.3,202.7,2.31,204.4
2012-11-24 02:40:00,1.99,198.2,1.96,198.3
2012-11-24 02:50:00,1.62,203.3,1.59,200.8
2012-11-24 03:00:00,2.37,172.7,2.39,172.4
2012-11-24 03:10:00,2.45,174.0,2.47,173.1
2012-11-24 03:20:00,2.06,175.4,2.02,177.3
2012-11-24 03:30:00,2.16,191.0,2.12,189.6
2012-11-24 03:40:00,2.24,177.7,2.15,178.7
2012-11-24 03:50:00,2.68,156.5,2.69,156.0
2012-11-24 04:00:00,2.88,163.5,2.94,164.6
2012-11-24 04:10:00,3.03,152.9,3.04,152.8
2012-11-24 04:20:00,2.56,152.1,2.55,152.9
2012-11-24 04:30:00,2.44,152.2,2.51,154.0
2012-11-24 04:40:00,2.59,140.7,2.64,140.9
2012-11-24 04:50:00,2.6,163.6,2.65,162.7
2012-11-24 05:00:00,2.37,169.6,2.39,170.5
2012-11-24 05:10:00,2.44,157.2,2.46,156.8
2012-11-24 05:20:00,2.34,156.3,2.38,156.0
2012-11-24 05:30:00,2.5700000000000003,150.4,2.66,151.3
2012-11-24 05:40:00,2.23,157.0,2.28,156.5
2012-11-24 05:50:00,2.05,152.7,2.13,152.4
2012-11-24 06:00:00,2.75,162.2,2.78,161.1
2012-11-24 06:10:00,2.36,155.5,2.33,152.3
2012-11-24 06:20:00,2.23,157.3,2.19,155.0
2012-11-24 06:30:00,2.17,142.0,2.14,140.8
2012-11-24 06:40:00,2.23,143.5,2.28,143.3
2012-11-24 06:50:00,2.99,144.4,3.02,143.9
2012-11-24 07:00:00,3.05,139.0,3.08,138.7
2012-11-24 07:10:00,2.5700000000000003,149.1,2.5700000000000003,149.2
2012-11-24 07:20:00,2.83,158.8,2.77,158.9
2012-11-24 07:30:00,2.51,159.7,2.55,160.3
2012-11-24 07:40:00,2.94,148.9,2.99,148.2
2012-11-24 07:50:00,3.04,139.5,3.12,139.8
2012-11-24 08:00:00,2.89,147.5,2.96,148.6
2012-11-24 08:10:00,3.01,141.3,3.05,142.2
2012-11-24 08:20:00,3.17,146.8,3.22,146.6
2012-11-24 08:30:00,2.6,144.2,2.62,145.1
2012-11-24 08:40:00,2.05,128.3,2.06,129.3
2012-11-24 08:50:00,2.43,139.8,2.44,139.1
2012-11-24 09:00:00,2.45,131.4,2.47,130.3
2012-11-24 09:10:00,2.15,131.2,2.17,133.2
2012-11-24 09:20:00,1.92,130.7,1.92,129.9
2012-11-24 09:30:00,2.68,120.7,2.66,123.6
2012-11-24 09:40:00,2.49,120.2,2.5,121.8
2012-11-24 09:50:00,2.16,132.1,2.21,132.3
2012-11-24 10:00:00,2.24,128.6,2.28,129.8
2012-11-24 10:10:00,2.19,138.1,2.22,138.5
2012-11-24 10:20:00,2.05,147.3,2.07,146.2
2012-11-24 10:30:00,2.32,127.5,2.3,127.6
2012-11-24 10:40:00,2.07,135.6,2.13,133.3
2012-11-24 10:50:00,2.07,136.3,2.15,134.4
2012-11-24 11:00:00,2.23,132.1,2.18,131.3
2012-11-24 11:10:00,2.76,130.0,2.81,130.4
2012-11-24 11:20:00,2.71,123.4,2.69,123.1
2012-11-24 11:30:00,2.51,117.8,2.42,118.6
2012-11-24 11:40:00,2.09,117.0,1.94,117.6
2012-11-24 11:50:00,2.29,113.0,2.12,112.0
2012-11-24 12:00:00,2.04,111.3,1.91,114.3
2012-11-24 12:10:00,1.88,96.4,1.85,96.9
2012-11-24 12:20:00,2.2,106.1,2.16,108.8
2012-11-24 12:30:00,2.19,107.1,2.03,108.7
2012-11-24 12:40:00,2.76,116.3,2.63,116.4
2012-11-24 12:50:00,2.6,111.8,2.55,112.4
2012-11-24 13:00:00,2.87,107.5,2.73,108.9
2012-11-24 13:10:00,2.79,109.1,2.63,111.6
2012-11-24 13:20:00,2.85,105.3,2.5700000000000003,106.1
2012-11-24 13:30:00,2.76,99.6,2.5700000000000003,101.3
2012-11-24 13:40:00,2.87,81.9,2.85,82.0
2012-11-24 13:50:00,2.6,80.9,2.48,80.0
2012-11-24 14:00:00,2.47,95.6,2.28,95.4
2012-11-24 14:10:00,3.15,114.0,3.0,115.3
2012-11-24 14:20:00,3.31,99.7,2.9,102.9
2012-11-24 14:30:00,3.19,95.7,2.87,98.3
2012-11-24 14:40:00,3.38,106.0,3.22,110.7
2012-11-24 14:50:00,3.45,97.0,3.34,97.7
2012-11-24 15:00:00,4.38,114.2,4.1,115.5
2012-11-24 15:10:00,4.31,111.5,3.94,112.8
2012-11-24 15:20:00,3.88,104.2,3.43,109.0
2012-11-24 15:30:00,4.11,110.1,3.98,112.7
2012-11-24 15:40:00,4.42,116.0,4.13,118.0
2012-11-24 15:50:00,4.17,111.3,3.86,112.9
2012-11-24 16:00:00,3.47,96.2,3.23,97.9
2012-11-24 16:10:00,3.41,95.5,3.33,97.7
2012-11-24 16:20:00,4.29,109.8,4.05,112.6
2012-11-24 16:30:00,3.19,97.3,3.05,100.3
2012-11-24 16:40:00,3.33,86.0,3.35,86.1
2012-11-24 16:50:00,3.64,91.7,3.43,92.4
2012-11-24 17:00:00,3.81,91.4,3.69,91.9
2012-11-24 17:10:00,4.67,79.9,4.71,79.6
2012-11-24 17:20:00,4.15,89.6,3.87,90.5
2012-11-24 17:30:00,3.77,100.4,3.45,101.9
2012-11-24 17:40:00,3.66,86.4,3.48,85.2
2012-11-24 17:50:00,3.88,76.7,3.95,75.5
2012-11-24 18:00:00,4.5600000000000005,79.0,4.71,78.7
2012-11-24 18:10:00,4.46,76.6,4.57,76.3
2012-11-24 18:20:00,5.39,69.9,5.58,70.0
2012-11-24 18:30:00,4.8,79.7,4.86,79.6
2012-11-24 18:40:00,4.5600000000000005,84.9,4.34,85.3
2012-11-24 18:50:00,4.69,85.2,4.39,86.0
2012-11-24 19:00:00,4.48,83.4,4.43,83.7
2012-11-24 19:10:00,4.18,95.3,3.86,96.7
2012-11-24 19:20:00,4.79,82.9,4.52,83.7
2012-11-24 19:30:00,5.02,83.2,4.7,83.3
2012-11-24 19:40:00,4.8,87.0,4.37,87.7
2012-11-24 19:50:00,5.09,86.4,4.63,87.9
2012-11-24 20:00:00,5.06,85.2,4.45,88.1
2012-11-24 20:10:00,4.73,88.8,4.19,92.0
2012-11-24 20:20:00,4.52,104.2,4.06,108.6
2012-11-24 20:30:00,4.33,107.5,4.09,111.2
2012-11-24 20:40:00,4.72,111.8,4.41,116.3
2012-11-24 20:50:00,4.75,111.0,4.53,113.9
2012-11-24 21:00:00,4.62,101.8,4.29,107.1
2012-11-24 21:10:00,5.6,112.9,5.18,114.5
2012-11-24 21:20:00,7.06,111.8,6.6,115.2
2012-11-24 21:30:00,6.55,113.9,6.16,117.3
2012-11-24 21:40:00,6.65,114.5,6.19,114.8
2012-11-24 21:50:00,5.73,113.5,5.32,118.6
2012-11-24 22:00:00,5.98,109.4,5.42,115.2
2012-11-24 22:10:00,5.8100000000000005,108.7,5.4,116.0
2012-11-24 22:20:00,6.73,112.1,6.26,115.1
2012-11-24 22:30:00,7.01,110.1,6.41,114.2
2012-11-24 22:40:00,7.0,106.8,6.37,112.6
2012-11-24 22:50:00,7.09,103.3,6.37,108.2
2012-11-24 23:00:00,7.09,100.6,6.54,105.3
2012-11-24 23:10:00,6.9,98.9,6.28,104.6
2012-11-24 23:20:00,5.84,93.4,5.33,97.9
2012-11-24 23:30:00,6.28,87.0,5.7,90.2
2012-11-24 23:40:00,5.78,90.7,5.13,93.4
2012-11-24 23:50:00,6.77,85.9,6.02,88.6
2012-11-25 00:00:00,5.32,92.2,5.08,95.1
2012-11-25 00:10:00,6.08,94.5,5.71,98.4
2012-11-25 00:20:00,6.49,97.8,5.86,102.5
2012-11-25 00:30:00,6.72,104.3,6.2,109.6
2012-11-25 00:40:00,8.23,108.5,7.71,112.7
2012-11-25 00:50:00,9.22,107.0,8.9,111.0
2012-11-25 01:00:00,8.77,107.5,8.76,111.2
2012-11-25 01:10:00,9.44,104.9,9.06,108.5
2012-11-25 01:20:00,10.28,103.2,9.96,106.5
2012-11-25 01:30:00,10.35,103.1,9.99,106.0
2012-11-25 01:40:00,10.26,103.5,10.11,106.5
2012-11-25 01:50:00,10.38,103.9,10.19,107.4
2012-11-25 02:00:00,9.62,103.6,9.26,107.5
2012-11-25 02:10:00,9.31,106.6,9.05,110.8
2012-11-25 02:20:00,9.69,108.0,9.71,110.4
2012-11-25 02:30:00,10.16,108.8,10.22,110.7
2012-11-25 02:40:00,9.37,107.7,9.41,111.2
2012-11-25 02:50:00,10.36,104.1,10.26,107.0
2012-11-25 03:00:00,11.43,103.0,11.26,105.3
2012-11-25 03:10:00,10.8,103.1,10.84,105.6
2012-11-25 03:20:00,10.45,102.9,10.52,106.0
2012-11-25 03:30:00,10.91,104.2,10.96,106.8
2012-11-25 03:40:00,10.27,105.6,10.39,107.7
2012-11-25 03:50:00,10.16,104.5,10.06,107.7
2012-11-25 04:00:00,10.02,106.0,10.15,108.4
2012-11-25 04:10:00,9.78,107.4,9.93,109.6
2012-11-25 04:20:00,9.83,107.9,10.01,110.3
2012-11-25 04:30:00,10.21,108.9,10.27,111.1
2012-11-25 04:40:00,10.3,103.5,10.18,106.6
2012-11-25 04:50:00,10.42,108.0,10.68,109.5
2012-11-25 05:00:00,11.42,110.4,11.67,110.4
2012-11-25 05:10:00,12.3,111.7,12.52,110.9
2012-11-25 05:20:00,11.79,113.2,12.2,112.7
2012-11-25 05:30:00,11.81,115.3,12.05,115.1
2012-11-25 05:40:00,10.94,115.1,11.29,114.9
2012-11-25 05:50:00,11.48,114.7,11.7,114.5
2012-11-25 06:00:00,11.22,114.5,11.45,114.6
2012-11-25 06:10:00,10.8,115.6,11.17,116.0
2012-11-25 06:20:00,10.72,113.3,11.07,113.5
2012-11-25 06:30:00,10.3,117.2,10.5,117.1
2012-11-25 06:40:00,10.75,113.9,10.95,114.2
2012-11-25 06:50:00,9.92,113.4,10.04,114.4
2012-11-25 07:00:00,9.81,114.5,9.9,115.0
2012-11-25 07:10:00,9.7,119.5,10.03,119.7
2012-11-25 07:20:00,9.49,120.0,9.7,120.6
2012-11-25 07:30:00,9.76,123.5,10.09,123.6
2012-11-25 07:40:00,9.95,125.0,10.38,125.2
2013-04-09 10:10:00,9.42,304.2,9.89,304.1
2013-04-09 10:20:00,9.04,301.4,9.57,301.2
2013-04-09 10:30:00,9.26,305.4,9.66,304.4
2013-04-09 10:40:00,8.87,303.8,9.14,303.1
2013-04-09 10:50:00,9.3,304.5,9.68,305.1
2013-04-09 11:00:00,9.94,306.1,10.36,305.8
2013-04-09 11:10:00,9.55,303.1,9.95,303.3
2013-04-09 11:20:00,9.47,296.2,10.01,296.3
2013-04-09 11:30:00,9.62,293.3,10.12,293.9
2013-04-09 11:40:00,9.48,292.5,9.94,292.8
2013-04-09 11:50:00,8.38,303.2,8.88,302.5
2013-04-24 10:10:00,3.8,182.9,4.24,182.3
2013-04-24 10:20:00,3.5700000000000003,180.2,4.09,179.0
2013-04-24 10:30:00,4.38,168.8,4.86,168.9
2013-04-24 10:50:00,3.83,170.5,4.21,171.3
2013-04-24 11:00:00,4.57,187.0,5.16,186.9
2013-04-24 11:10:00,3.87,175.8,4.5,174.0
2013-04-24 11:20:00,4.7,165.1,5.04,166.4
2013-04-24 11:30:00,3.82,173.5,4.4,174.0
2013-04-24 11:40:00,3.94,156.7,4.58,157.0
2013-04-24 11:50:00,3.75,158.3,4.5,156.1
2013-04-24 12:00:00,3.88,158.6,4.41,158.7
2013-04-24 12:10:00,4.83,149.0,5.47,149.8
2013-04-24 12:20:00,5.01,163.1,5.66,163.7
2013-04-24 12:30:00,5.17,162.9,5.72,162.9
2013-04-24 12:40:00,4.61,162.1,5.26,162.2
2013-04-24 12:50:00,5.31,156.3,5.88,156.3
2013-04-24 13:00:00,4.47,160.7,5.02,161.1
2013-04-24 13:10:00,4.8100000000000005,165.1,5.37,164.7
2013-04-24 13:20:00,4.7,157.7,5.17,157.2
2013-04-24 13:30:00,4.41,154.3,4.92,153.1
2013-04-24 13:40:00,5.0,153.3,5.62,152.1
2013-04-24 13:50:00,4.96,159.4,5.41,159.6
2013-04-24 14:00:00,4.09,177.9,4.8100000000000005,177.1
2013-04-24 14:10:00,4.39,160.7,4.8100000000000005,160.0
2013-04-24 14:20:00,3.45,176.0,3.95,174.5
2013-04-24 14:30:00,3.71,176.1,4.31,176.3
2013-04-24 14:40:00,3.86,164.3,4.38,164.7
2013-04-24 14:50:00,4.29,168.9,4.78,169.3
2013-04-24 15:10:00,4.38,,4.69,
2013-04-24 15:20:00,4.17,,4.53,
2013-04-24 16:10:00,,,,
2013-04-24 16:20:00,,,,
2013-04-24 16:30:00,,,,
2013-04-24 16:40:00,,,,
2013-04-24 16:50:00,,,,
2013-04-25 12:00:00,,,,
2013-04-25 12:10:00,,,,
2013-04-25 12:20:00,,,,
2013-04-25 12:40:00,,,,
2013-04-25 12:50:00,,,,
2013-04-25 13:00:00,10.43,,,
2013-04-26 14:50:00,10.05,,11.35,
2013-04-26 15:00:00,8.17,,9.62,
2013-04-29 14:40:00,5.69,,6.74,
2013-10-08 13:20:00,7.21,,7.45,
2013-10-08 13:30:00,6.92,,7.07,
2013-10-08 13:40:00,5.79,,5.84,
2013-10-08 14:00:00,7.27,278.1,7.36,277.9
2013-10-08 14:10:00,6.71,280.6,6.79,280.4
2013-10-08 14:20:00,6.83,282.1,6.95,282.1
2013-10-08 14:30:00,7.52,287.6,7.65,287.3
2013-10-08 15:20:00,8.69,288.4,8.75,288.3
2013-10-08 15:30:00,9.23,283.5,9.39,283.6
2013-10-08 15:40:00,8.14,284.0,8.24,284.0
2013-10-08 15:50:00,8.2,292.6,8.34,292.5
2013-10-08 16:00:00,8.13,293.1,8.25,292.8
2013-10-08 16:10:00,7.99,293.8,8.15,293.3
2013-10-08 16:20:00,6.64,290.7,6.76,290.7
2013-10-22 17:10:00,8.74,183.2,9.18,185.3
2013-10-22 17:20:00,8.54,188.6,8.81,189.9
2013-10-22 17:30:00,7.82,181.4,8.2,183.2
2013-10-22 17:40:00,8.44,184.4,8.89,185.1
2013-10-22 17:50:00,6.74,179.4,7.21,180.8
2013-10-22 18:00:00,6.76,166.2,7.29,168.6
2013-10-22 18:10:00,6.5600000000000005,169.3,7.28,172.2
2013-10-22 18:20:00,7.91,165.7,8.44,166.4
2013-10-22 18:30:00,8.82,163.3,9.51,164.5
2013-10-22 18:40:00,10.74,165.5,11.37,166.6
2013-10-22 18:50:00,9.08,161.0,9.87,162.4
2013-10-22 19:00:00,10.04,158.3,10.86,159.7
2013-10-22 19:10:00,11.34,159.7,11.97,161.0
2013-10-22 19:20:00,11.89,159.1,12.3,160.3
2013-10-22 19:30:00,10.39,152.9,10.83,154.5
2013-10-22 19:40:00,10.5,149.4,11.09,151.0
2013-10-22 19:50:00,11.38,152.7,12.13,154.0
2013-10-22 20:00:00,12.99,157.9,13.28,159.4
2013-10-22 20:10:00,12.78,160.7,13.1,161.7
2013-10-22 20:20:00,12.12,155.7,12.33,156.9
2013-10-22 20:30:00,12.27,158.1,12.56,159.0
2013-10-22 20:40:00,11.9,156.9,12.13,157.6
2013-10-22 20:50:00,11.99,152.9,12.31,154.3
2013-10-22 21:00:00,12.13,148.1,12.66,149.1
2013-10-22 21:10:00,12.15,145.6,12.65,146.8
2013-10-22 21:20:00,11.42,146.0,12.04,146.9
2013-10-22 21:30:00,10.64,145.5,11.31,146.6
2013-10-22 21:40:00,11.63,146.2,12.23,146.6
2013-10-22 21:50:00,12.8,146.9,13.35,147.4
2013-10-22 22:00:00,12.96,147.7,13.47,148.1
2013-10-22 22:10:00,12.38,149.3,12.87,149.9
2013-10-22 22:20:00,12.91,154.6,13.47,154.7
2013-10-22 22:30:00,13.09,154.1,13.63,154.3
2013-10-22 22:40:00,12.34,154.4,12.77,154.4
2013-10-22 22:50:00,12.26,157.4,12.7,157.5
2013-10-22 23:00:00,11.97,158.3,12.43,158.6
2013-10-22 23:10:00,12.04,155.9,12.51,156.4
2013-10-22 23:20:00,11.03,155.1,11.49,155.5
2013-10-22 23:30:00,12.05,153.1,12.5,153.6
2013-10-22 23:40:00,11.28,152.8,11.62,153.4
2013-10-22 23:50:00,11.71,157.2,12.19,157.8
2013-10-23 00:00:00,11.23,155.9,11.6,156.4
2014-05-04 21:30:00,3.88,236.0,4.04,233.5
2014-05-04 21:40:00,3.55,247.7,3.78,247.0
2014-05-04 21:50:00,3.45,251.5,3.75,251.6
2014-05-04 22:00:00,3.38,245.6,3.7,247.7
2014-05-04 22:10:00,2.89,229.5,3.06,232.2
2014-05-04 22:20:00,3.1,226.5,3.18,227.8
2014-05-04 22:30:00,2.93,216.8,2.96,217.8
2014-05-04 22:40:00,2.56,189.7,2.64,190.0
2014-05-04 22:50:00,2.33,176.0,2.51,177.1
2014-05-04 23:00:00,1.87,134.3,1.98,142.2
2014-05-04 23:10:00,1.46,128.2,1.58,131.3
2014-05-04 23:20:00,1.62,95.0,1.84,93.0
2014-05-04 23:30:00,1.9,83.2,2.15,82.6
2014-05-04 23:40:00,2.59,78.4,2.78,76.3
2014-05-04 23:50:00,2.71,68.0,2.92,68.3
2014-05-05 00:00:00,2.62,52.7,2.89,56.4
2014-05-05 00:10:00,2.48,45.6,2.73,50.8
2014-05-05 00:20:00,2.49,51.1,2.73,55.8
2014-05-05 00:30:00,2.76,55.8,2.93,58.1
2014-05-05 00:40:00,3.29,65.2,3.45,67.4
2014-05-05 00:50:00,3.51,76.5,3.61,79.0
2014-05-05 01:00:00,3.82,85.9,4.02,87.2
2014-05-05 01:10:00,4.44,91.1,4.58,91.9
2014-05-05 01:20:00,4.02,96.4,4.22,96.8
2014-05-05 01:30:00,3.72,101.9,4.0,102.9
2014-05-05 01:40:00,4.4,109.6,4.68,109.6
2014-05-05 01:50:00,4.15,115.6,4.49,115.7
2014-05-05 02:00:00,4.46,135.5,4.76,137.8
2014-05-05 02:10:00,5.66,154.5,5.92,156.5
2014-05-05 02:20:00,6.12,164.8,6.27,165.4
2014-05-05 02:30:00,5.48,174.1,5.62,175.1
2014-05-05 02:40:00,4.75,183.6,5.09,184.4
2014-05-05 02:50:00,6.35,189.6,6.59,189.1
2014-05-05 03:00:00,5.71,179.3,5.95,180.0
2014-05-05 03:10:00,5.45,175.3,5.73,176.4
2014-05-05 03:20:00,5.44,171.2,5.8100000000000005,172.3
2014-05-05 03:30:00,5.66,175.1,6.02,176.3
2014-05-05 03:40:00,6.09,172.9,6.37,174.9
2014-05-05 03:50:00,6.2,161.9,6.36,162.4
2014-05-05 04:00:00,6.26,163.3,6.48,164.8
2014-05-05 04:10:00,6.26,169.3,6.48,170.1
2014-05-05 04:20:00,6.13,172.7,6.36,173.2
2014-05-05 04:30:00,6.12,170.9,6.34,171.5
2014-05-05 04:40:00,6.17,166.2,6.34,166.6
2014-05-05 04:50:00,6.78,168.2,7.02,168.5
2014-05-05 05:00:00,6.33,162.8,6.48,162.6
2014-05-05 05:10:00,5.49,161.3,5.76,161.2
2014-05-05 05:20:00,5.86,156.4,6.06,157.0
2014-05-05 05:30:00,6.04,151.8,6.25,152.5
2014-05-05 05:40:00,5.96,154.0,6.19,154.0
2014-05-05 05:50:00,6.57,155.0,6.84,155.0
2014-05-05 06:00:00,6.95,153.5,7.16,153.7
2014-05-05 06:10:00,7.53,155.0,7.77,155.1
2014-05-05 06:20:00,7.57,155.9,7.82,156.1
2014-05-05 06:30:00,7.89,158.8,8.09,158.8
2014-05-05 06:40:00,7.22,156.5,7.32,156.5
2014-05-05 06:50:00,7.86,152.7,7.96,152.8
2014-05-05 07:00:00,8.1,152.8,8.29,152.9
2014-05-05 07:10:00,7.66,152.4,7.79,152.9
2014-05-05 07:20:00,7.8,156.4,7.99,156.9
2014-05-05 07:30:00,8.49,151.8,8.66,152.5
2014-05-05 07:40:00,8.39,148.8,8.58,149.5
2014-05-05 07:50:00,8.41,145.5,8.61,146.2
2014-05-05 08:00:00,8.61,145.6,8.74,146.2
2014-05-05 08:10:00,9.52,147.8,9.63,147.6
2014-05-05 08:20:00,9.5,146.5,9.62,146.5
2014-05-05 08:30:00,9.39,146.0,9.55,146.1
2014-05-05 08:40:00,9.41,146.8,9.58,147.0
2014-05-05 08:50:00,9.58,149.2,9.76,149.4
2014-05-05 09:00:00,9.32,148.9,9.44,149.4
2014-05-05 09:10:00,10.15,146.9,10.27,147.1
2014-05-05 09:20:00,10.27,145.6,10.38,145.8
2014-05-05 09:30:00,10.71,147.9,10.8,148.1
2014-05-05 09:40:00,10.5,148.8,10.56,149.4
2014-05-05 09:50:00,9.28,146.8,9.46,147.2
2014-05-05 10:00:00,8.57,147.9,8.82,148.5
2014-05-05 10:10:00,8.78,149.4,9.07,149.6
2014-05-05 10:20:00,10.07,148.4,10.25,148.4
2014-05-05 10:30:00,9.18,147.4,9.45,147.6
2014-05-05 10:40:00,9.38,147.5,9.7,147.9
2014-05-05 10:50:00,9.75,147.9,10.05,148.4
2014-05-05 11:00:00,9.21,148.6,9.59,148.9
2014-05-05 11:10:00,10.18,147.0,10.52,148.0
2014-05-05 11:20:00,10.07,141.1,10.48,142.3
2014-05-05 11:30:00,10.11,135.8,10.41,137.5
2014-05-05 11:40:00,10.1,134.0,10.45,135.3
2014-05-05 11:50:00,10.17,137.6,10.54,138.5
2014-05-05 12:00:00,11.56,138.4,12.03,138.7
2014-05-05 12:10:00,11.19,136.1,11.66,136.5
2014-05-05 12:20:00,12.38,139.3,12.78,139.7
2014-05-05 12:30:00,12.23,138.0,12.73,138.6
2014-05-05 12:40:00,11.64,139.1,12.11,139.7
2014-05-05 12:50:00,11.75,142.5,12.32,142.8
2014-05-05 13:00:00,11.88,140.6,12.44,141.3
2014-05-05 13:10:00,12.55,144.6,13.13,145.0
2014-05-05 13:20:00,12.96,144.9,13.5,145.5
2014-05-05 13:30:00,13.31,149.5,13.87,149.4
2014-05-05 13:40:00,12.65,147.1,13.19,146.9
2014-05-05 13:50:00,11.55,142.2,12.07,142.7
2014-05-05 14:00:00,10.65,139.9,11.06,141.2
2014-05-05 14:10:00,10.98,146.0,11.54,146.6
2014-05-05 14:20:00,11.64,144.7,12.28,145.3
2014-05-05 14:30:00,11.58,144.4,12.2,145.6
2014-05-05 14:40:00,11.51,145.9,12.18,147.1
2014-05-05 14:50:00,11.98,147.4,12.74,148.5
2014-05-05 15:00:00,12.44,146.1,12.96,146.8
2014-05-05 15:10:00,11.81,140.2,12.52,141.3
2014-05-05 15:20:00,11.3,141.0,11.78,141.2
2014-05-05 15:30:00,10.76,140.6,11.28,141.5
2014-05-05 15:40:00,11.14,142.9,11.71,143.8
2014-05-05 15:50:00,11.55,144.6,12.04,145.5
2014-05-05 16:00:00,11.91,143.9,12.58,144.8
2014-05-05 16:10:00,12.89,140.9,13.31,142.2
2014-05-05 16:20:00,12.51,139.9,13.0,141.7
2014-05-05 16:30:00,12.88,140.8,13.34,142.2
2014-05-05 16:40:00,12.74,140.3,13.36,142.2
2014-05-05 16:50:00,12.51,139.8,13.17,141.6
2014-05-05 17:00:00,12.44,141.8,13.23,143.5
2014-05-05 17:10:00,12.44,143.2,13.15,144.9
2014-05-05 17:20:00,12.66,146.4,13.41,148.0
2014-05-05 17:30:00,13.06,147.8,13.83,149.7
2014-05-05 17:40:00,12.83,149.6,13.7,151.4
2014-05-05 17:50:00,13.23,153.8,13.87,155.5
2014-05-05 18:00:00,13.42,155.5,13.91,157.6
2014-05-05 18:10:00,13.13,157.7,13.46,159.6
2014-05-05 18:20:00,12.69,157.8,13.3,159.8
2014-05-05 18:30:00,12.59,157.4,13.32,159.0
2014-05-05 18:40:00,13.13,158.5,13.62,160.1
2014-05-05 18:50:00,13.0,158.3,13.51,159.8
2014-05-05 19:00:00,12.99,159.4,13.36,160.9
2014-05-05 19:10:00,12.65,160.9,13.29,163.3
2014-05-05 19:20:00,13.08,165.2,13.58,166.6
2014-05-05 19:30:00,12.96,165.8,13.41,167.0
2014-05-05 19:40:00,12.31,163.4,12.87,164.9
2014-05-05 19:50:00,12.33,162.2,13.01,164.2
2014-05-05 20:00:00,13.25,165.9,13.92,167.2
2014-05-05 20:10:00,11.52,179.3,11.76,180.4
2014-05-05 20:20:00,8.69,166.3,9.28,166.3
2014-05-05 20:30:00,8.82,194.2,9.2,194.1
2014-05-05 20:40:00,8.52,185.0,8.83,184.2
2014-05-05 20:50:00,8.64,174.7,9.14,174.2
2014-05-05 21:00:00,9.94,179.7,10.09,181.0
2014-05-05 21:10:00,9.26,176.1,9.74,178.3
2014-05-05 21:20:00,9.93,182.3,10.24,184.4
2014-05-05 21:30:00,10.02,186.3,10.31,187.2
2014-05-05 21:40:00,10.45,182.1,10.94,183.0
2014-05-05 21:50:00,11.34,185.3,11.87,185.7
2014-05-05 22:00:00,11.49,183.3,12.04,183.4
2014-05-05 22:10:00,11.06,179.7,11.72,179.8
2014-05-05 22:20:00,10.15,173.0,10.6,174.0
2014-05-05 22:30:00,8.3,159.6,8.52,160.6
2014-05-05 22:40:00,8.25,162.7,8.45,164.0
2014-05-05 22:50:00,8.91,165.7,9.27,166.8
2014-05-05 23:00:00,9.3,167.8,9.81,168.2
2014-05-05 23:10:00,8.51,164.5,8.86,164.5
2014-05-05 23:20:00,9.33,171.8,9.73,171.7
2014-05-05 23:30:00,9.39,171.3,9.75,171.9
2014-05-05 23:40:00,9.7,174.7,10.1,174.9
2014-05-05 23:50:00,9.83,178.2,10.15,179.2
2014-05-06 00:00:00,9.81,186.5,10.08,188.4
2014-05-06 00:10:00,9.22,187.4,9.42,189.4
2014-05-06 00:20:00,8.97,191.3,9.21,192.5
2014-05-06 00:30:00,8.34,191.4,8.46,192.7
2014-05-06 00:40:00,8.76,209.2,9.05,210.0
2014-05-06 00:50:00,9.13,209.7,9.47,210.6
2014-05-06 01:00:00,9.13,213.3,9.44,214.2
2014-05-06 01:10:00,9.69,215.7,9.95,216.1
2014-05-06 01:20:00,11.18,219.8,11.49,220.3
2014-05-06 01:30:00,10.22,222.7,10.52,223.3
2014-05-06 01:40:00,9.55,228.0,9.83,228.4
2014-05-06 01:50:00,9.98,229.8,10.23,230.0
2014-05-06 02:00:00,9.76,230.9,9.99,231.5
2014-05-06 02:10:00,8.96,229.6,9.16,230.4
2014-05-06 02:20:00,8.65,232.0,8.82,232.9
2014-05-06 02:30:00,9.49,237.7,9.71,239.0
2014-05-06 02:40:00,9.66,235.7,9.81,236.8
2014-05-06 02:50:00,8.33,231.2,8.48,232.4
2014-05-06 03:00:00,8.17,235.0,8.37,235.5
2014-05-06 03:10:00,9.22,242.1,9.52,243.4
2014-05-06 03:20:00,8.79,239.9,9.03,240.6
2014-05-06 03:30:00,8.64,238.1,8.87,238.9
2014-05-06 03:40:00,8.41,242.9,8.63,243.5
2014-05-06 03:50:00,7.89,241.4,8.16,242.0
2014-05-06 04:00:00,8.29,241.5,8.52,241.9
2014-05-06 04:10:00,8.73,242.3,8.93,243.3
2014-05-06 04:20:00,8.7,246.5,8.97,247.4
2014-05-06 04:30:00,8.49,254.6,8.72,255.4
2014-05-06 04:40:00,8.43,256.5,8.63,257.0
2014-05-06 04:50:00,8.8,254.3,8.96,254.7
2014-05-06 05:00:00,8.44,248.1,8.6,248.7
2014-05-06 05:10:00,8.12,247.7,8.31,248.2
2014-05-06 05:20:00,7.05,243.0,7.27,243.5
2014-05-06 05:30:00,7.15,243.6,7.36,244.0
2014-05-06 05:40:00,7.5,243.4,7.67,243.6
2014-05-06 05:50:00,7.44,245.0,7.58,245.5
2014-05-06 06:00:00,6.8100000000000005,242.8,7.02,243.3
2014-05-06 06:10:00,6.86,248.7,7.08,249.2
2014-05-06 06:20:00,7.29,249.3,7.43,249.6
2014-05-06 06:30:00,7.25,241.5,7.41,241.7
2014-05-06 06:40:00,7.59,239.0,7.79,239.0
2014-05-06 06:50:00,8.35,237.8,8.55,238.4
2014-05-06 07:00:00,7.6,238.6,7.81,238.9
2014-05-06 07:10:00,7.47,239.9,7.71,240.2
2014-05-06 07:20:00,8.35,238.1,8.61,238.6
2014-05-06 07:30:00,8.25,238.6,8.53,239.1
2014-05-06 07:40:00,7.99,235.9,8.21,236.4
2014-05-06 07:50:00,8.19,231.1,8.36,231.5
2014-05-06 08:00:00,8.84,234.4,9.08,235.0
2014-05-06 08:10:00,9.73,234.3,9.97,234.6
2014-05-06 08:20:00,9.39,228.7,9.61,229.3
2014-05-06 08:30:00,8.65,223.4,8.88,223.7
2014-05-06 08:40:00,8.96,221.8,9.15,222.2
2014-05-06 08:50:00,8.24,220.4,8.39,220.9
2014-05-06 09:00:00,7.66,215.2,7.88,215.5
2014-05-06 09:10:00,7.94,215.5,8.11,215.8
2014-05-06 09:20:00,7.99,218.6,8.16,218.9
2014-05-06 09:30:00,7.38,216.7,7.55,216.8
2014-05-06 09:40:00,7.06,215.8,7.29,216.1
2014-05-06 09:50:00,7.18,214.4,7.44,215.0
